update,samples,time,sps,policy_prog,bot_prog,snap_prog,policy_win,bot_win,snap_win,early_finish,length,avg_group,alliances,alliance_dur,alliances_long,group_banks,remerge_fast,merges,leaves,spills,banks,ent_move,ent_join,ent_leave,ent_intent,p_join_solo,p_join_grouped,p_leave_grouped,p_intent_change,ev,vloss,ploss,kl,epochs_run
-6,23032,3,8580,0.727,nan,nan,1.0,nan,nan,0.0,240.0,1.94,43.0,15.7,4.0,65.0,0.0,24.0,22.0,11.0,84.0,0.0,0.0,0.0,0.0,0.925,0.775,0.168,0.972,0.252,0.2052,0.0,0.0,3
-5,45959,5,9785,0.628,0.672,nan,0.0,1.5,nan,1.0,175.8,1.46,15.0,16.3,3.0,5.0,0.0,11.0,11.0,2.0,30.0,0.0,0.0,0.0,0.0,0.922,0.757,0.184,0.969,0.506,0.1073,0.0,0.0,3
-4,68871,7,9454,,,,,,,,,,,,,,,,,,,0.0,0.0,0.0,0.0,0.924,0.764,0.161,0.968,0.499,0.0997,0.0,0.0,3
-3,91783,10,9361,,,,,,,,,,,,,,,,,,,0.0,0.0,0.0,0.0,0.925,0.685,0.17,0.971,0.516,0.1149,0.0,0.0,3
-2,114695,12,9415,0.733,0.543,0.667,2.0,0.0,0.0,1.0,221.6,1.3,23.0,8.5,6.0,0.0,0.0,19.0,17.0,7.0,41.0,0.0,0.0,0.0,0.0,0.925,0.692,0.187,0.968,0.303,0.1369,0.0,0.0,3
-1,137503,15,9296,0.789,0.7,0.899,0.82,0.55,2.0,1.0,230.4,1.4,32.7,8.9,5.7,7.7,0.0,25.6,24.1,9.9,46.1,0.0,0.0,0.0,0.0,0.928,0.729,0.171,0.969,0.171,0.1843,0.0,0.0,3
1,161345,17,9238,0.667,0.611,0.661,1.13,0.66,1.12,0.0,240.0,1.31,26.8,9.1,5.5,12.9,0.0,22.0,20.8,7.3,46.9,0.357,0.266,0.044,0.478,0.928,0.8,0.134,0.972,-0.008,0.8022,0.0088,0.0213,1
2,185537,23,4049,,,,,,,,,,,,,,,,,,,0.304,0.293,0.031,0.544,0.924,0.922,0.111,0.966,0.761,0.0234,0.0048,0.0228,3
3,209729,29,4271,,,,,,,,,,,,,,,,,,,0.369,0.297,0.033,0.555,0.915,0.892,0.155,0.964,0.467,0.0822,0.0012,0.0138,3
4,233921,35,4373,,,,,,,,,,,,,,,,,,,0.371,0.312,0.042,0.55,0.909,0.89,0.13,0.964,0.696,0.0358,0.0016,0.0109,3
5,258113,40,4478,,,,,,,,,,,,,,,,,,,0.372,0.347,0.055,0.534,0.902,0.898,0.166,0.966,0.707,0.0383,-0.004,0.0159,3
6,282305,46,4213,,,,,,,,,,,,,,,,,,,0.392,0.361,0.051,0.57,0.888,0.876,0.161,0.964,0.734,0.0418,-0.0036,0.0143,3
7,306497,51,4330,,,,,,,,,,,,,,,,,,,0.401,0.396,0.054,0.614,0.872,0.828,0.155,0.956,0.794,0.0372,-0.003,0.0156,3
8,330689,57,4144,,,,,,,,,,,,,,,,,,,0.432,0.41,0.056,0.644,0.857,0.809,0.145,0.955,0.83,0.0303,-0.0028,0.0168,3
9,354881,63,4169,,,,,,,,,,,,,,,,,,,0.453,0.424,0.066,0.628,0.852,0.776,0.157,0.949,0.815,0.0359,-0.0041,0.017,3
10,379073,69,4123,,,,,,,,,,,,,,,,,,,0.478,0.445,0.067,0.604,0.841,0.738,0.131,0.951,0.853,0.0281,-0.0025,0.0156,3
11,403265,75,4207,,,,,,,,,,,,,,,,,,,0.496,0.469,0.08,0.6,0.829,0.758,0.139,0.946,0.869,0.0257,-0.0043,0.0147,3
12,427457,80,4322,,,,,,,,,,,,,,,,,,,0.513,0.477,0.083,0.604,0.815,0.685,0.149,0.945,0.862,0.029,-0.0023,0.0178,3
13,451651,85,4989,0.857,0.785,0.839,3.0,0.0,0.0,0.0,240.0,1.52,46.0,8.0,2.0,64.0,0.0,33.0,32.0,19.0,96.0,0.541,0.495,0.095,0.57,0.796,0.658,0.133,0.948,0.607,0.044,-0.0041,0.0176,3
14,475909,91,4120,0.657,0.426,0.74,0.0,0.0,2.0,0.0,240.0,1.59,24.0,17.5,12.0,61.0,0.0,20.0,19.0,6.0,89.0,0.559,0.533,0.081,0.611,0.775,0.679,0.159,0.947,0.856,0.0271,-0.0041,0.0174,3
15,500293,100,2812,,,,,,,,,,,,,,,,,,,0.555,0.522,0.096,0.571,0.773,0.619,0.151,0.946,0.886,0.0242,-0.0024,0.0161,3
16,524573,108,3054,0.586,nan,0.785,0.0,nan,2.0,1.0,191.2,1.28,30.0,5.3,4.0,0.0,0.0,23.0,23.0,10.0,42.0,0.595,0.52,0.119,0.525,0.779,0.612,0.133,0.951,0.801,0.0393,-0.0023,0.0167,3
17,549006,113,4328,0.91,0.401,0.842,0.0,0.0,3.0,1.0,217.5,1.3,35.0,5.6,5.0,1.0,0.0,30.0,29.0,16.0,43.0,0.599,0.495,0.131,0.506,0.768,0.515,0.142,0.953,0.858,0.035,0.0022,0.0189,2
18,573494,118,5978,0.719,0.71,0.545,1.71,0.6,0.0,0.8,226.8,1.42,22.6,13.0,5.8,16.0,0.0,17.6,16.4,6.2,48.2,0.624,0.514,0.135,0.503,0.754,0.52,0.125,0.953,0.339,0.1149,0.002,0.0189,2
19,598515,123,4342,0.702,0.542,0.68,1.18,0.69,0.97,0.03,239.8,1.3,26.9,9.1,5.5,9.4,0.0,22.2,20.8,9.1,44.7,0.619,0.546,0.132,0.534,0.731,0.505,0.143,0.958,-0.007,1.2761,-0.0016,0.0191,3
20,625395,127,7098,,,,,,,,,,,,,,,,,,,0.416,0.587,0.027,0.81,0.722,0.709,0.099,0.956,0.897,0.0072,0.0019,0.0137,2
21,652275,132,5108,,,,,,,,,,,,,,,,,,,0.438,0.582,0.046,0.822,0.723,0.71,0.13,0.947,0.712,0.0276,0.0016,0.0188,3
22,679155,139,4283,,,,,,,,,,,,,,,,,,,0.466,0.596,0.042,0.849,0.72,0.707,0.122,0.936,0.761,0.0405,-0.001,0.0149,3
23,706035,145,4437,,,,,,,,,,,,,,,,,,,0.483,0.601,0.049,0.834,0.707,0.667,0.119,0.936,0.854,0.0198,-0.0025,0.015,3
24,732915,151,4409,,,,,,,,,,,,,,,,,,,0.486,0.606,0.056,0.821,0.706,0.639,0.125,0.943,0.851,0.0218,-0.0054,0.0172,3
25,759795,157,4321,,,,,,,,,,,,,,,,,,,0.513,0.612,0.059,0.823,0.699,0.65,0.128,0.938,0.865,0.0221,-0.0018,0.0171,3
26,786675,163,4437,,,,,,,,,,,,,,,,,,,0.51,0.608,0.058,0.847,0.69,0.637,0.124,0.938,0.899,0.0177,-0.0011,0.0165,3
27,813555,170,4285,,,,,,,,,,,,,,,,,,,0.522,0.613,0.059,0.824,0.685,0.605,0.141,0.932,0.888,0.0182,-0.0029,0.015,3
28,840435,176,4404,,,,,,,,,,,,,,,,,,,0.543,0.612,0.073,0.739,0.681,0.58,0.114,0.94,0.871,0.0212,-0.0034,0.0164,3
29,867315,181,5463,,,,,,,,,,,,,,,,,,,0.569,0.615,0.067,0.781,0.668,0.599,0.118,0.939,0.9,0.0175,-0.0006,0.0155,3
30,894277,187,4367,0.478,0.895,0.687,0.0,3.0,0.0,1.0,181.2,1.15,14.0,5.6,0.0,0.0,0.0,14.0,14.0,3.0,41.0,0.587,0.612,0.072,0.796,0.675,0.553,0.134,0.937,0.869,0.0197,-0.0027,0.0189,3
31,921285,193,4351,,,,,,,,,,,,,,,,,,,0.613,0.598,0.083,0.731,0.685,0.532,0.11,0.939,0.875,0.0176,-0.0026,0.0177,3
32,948257,199,4742,0.654,0.17,nan,2.0,0.0,nan,0.0,240.0,1.44,15.0,21.0,2.0,0.0,0.0,14.0,13.0,5.0,21.0,0.619,0.605,0.08,0.767,0.682,0.547,0.117,0.932,0.63,0.0348,0.0024,0.0194,3
33,975137,203,6084,0.877,0.325,0.767,2.0,0.0,0.0,0.0,240.0,1.35,51.0,5.0,3.0,1.0,0.0,43.0,42.0,16.0,43.0,0.633,0.619,0.085,0.782,0.669,0.565,0.121,0.934,0.653,0.035,0.0083,0.0218,2
34,1002017,209,4610,,,,,,,,,,,,,,,,,,,0.617,0.628,0.088,0.807,0.655,0.545,0.133,0.926,0.88,0.0181,-0.0016,0.0183,3
35,1028853,214,5625,0.617,0.47,nan,1.2,0.0,nan,0.0,240.0,1.33,25.0,9.5,11.0,3.0,0.0,20.0,18.0,14.0,43.0,0.602,0.612,0.118,0.715,0.653,0.487,0.125,0.918,0.592,0.0397,0.0036,0.0146,2
36,1055463,218,6071,0.774,0.496,0.486,1.2,1.0,0.0,0.5,227.4,1.39,27.0,9.9,7.0,21.5,0.0,22.0,20.5,12.5,44.0,0.623,0.618,0.128,0.702,0.63,0.463,0.13,0.915,0.559,0.0439,0.0004,0.0175,2
37,1081805,222,6282,0.654,0.511,0.703,1.17,0.5,1.0,0.4,235.7,1.29,23.3,9.4,6.4,4.0,0.0,20.6,19.6,13.6,36.0,0.641,0.626,0.128,0.741,0.597,0.44,0.139,0.916,0.235,0.1552,0.0013,0.0187,2
38,1107605,228,4445,0.668,0.603,0.66,0.9,1.02,1.22,0.02,239.9,1.3,26.4,8.8,6.3,7.6,0.0,22.1,21.0,10.6,42.1,0.607,0.65,0.081,0.916,0.58,0.461,0.143,0.914,0.051,1.0317,-0.0027,0.0173,3
39,1132437,233,4799,,,,,,,,,,,,,,,,,,,0.51,0.671,0.035,1.087,0.577,0.512,0.105,0.899,0.902,0.0064,0.0012,0.017,3
40,1157269,239,4320,,,,,,,,,,,,,,,,,,,0.525,0.669,0.052,1.032,0.588,0.55,0.156,0.895,0.705,0.031,-0.0008,0.0148,3
41,1182101,245,4282,,,,,,,,,,,,,,,,,,,0.532,0.666,0.042,1.061,0.589,0.54,0.133,0.896,0.793,0.0343,-0.0027,0.0142,3
42,1206933,251,4241,,,,,,,,,,,,,,,,,,,0.554,0.664,0.061,1.023,0.581,0.519,0.15,0.893,0.842,0.019,-0.0023,0.0141,3
43,1231765,257,4047,,,,,,,,,,,,,,,,,,,0.54,0.659,0.057,1.012,0.589,0.507,0.14,0.895,0.856,0.0215,-0.0031,0.0157,3
44,1256597,263,4168,,,,,,,,,,,,,,,,,,,0.569,0.66,0.061,1.019,0.596,0.536,0.156,0.887,0.886,0.0204,-0.004,0.0144,3
45,1281429,269,4176,,,,,,,,,,,,,,,,,,,0.58,0.653,0.066,0.982,0.602,0.524,0.144,0.898,0.875,0.0184,-0.0043,0.016,3
46,1306261,275,4455,,,,,,,,,,,,,,,,,,,0.594,0.65,0.068,0.982,0.621,0.552,0.151,0.902,0.869,0.0195,-0.0039,0.0159,3
47,1331093,280,4262,,,,,,,,,,,,,,,,,,,0.615,0.644,0.079,0.945,0.627,0.519,0.133,0.886,0.876,0.0178,-0.0026,0.015,3
48,1355925,286,4342,,,,,,,,,,,,,,,,,,,0.618,0.635,0.084,0.942,0.648,0.523,0.151,0.884,0.879,0.0188,-0.0025,0.015,3
49,1380757,292,4390,0.551,0.0,0.485,2.0,0.0,0.0,0.0,240.0,1.47,22.0,15.4,8.0,8.0,0.0,16.0,14.0,5.0,32.0,0.642,0.647,0.08,0.955,0.647,0.541,0.163,0.895,0.743,0.021,-0.0018,0.0135,3
50,1405589,298,4191,,,,,,,,,,,,,,,,,,,0.644,0.644,0.072,0.983,0.63,0.533,0.147,0.892,0.895,0.0138,-0.004,0.015,3
51,1430455,304,4062,0.577,0.756,0.771,0.0,0.0,2.0,0.0,240.0,1.23,32.0,5.1,4.0,0.0,0.0,27.0,27.0,5.0,43.0,0.683,0.64,0.081,0.951,0.631,0.533,0.148,0.891,0.842,0.0222,-0.0044,0.0136,3
52,1455285,309,4965,0.733,nan,0.697,2.0,nan,0.0,0.0,240.0,1.27,24.0,7.9,5.0,1.0,0.0,19.0,19.0,11.0,41.0,0.687,0.643,0.095,0.888,0.64,0.514,0.147,0.9,0.637,0.028,0.0015,0.0176,3
53,1480053,315,4009,0.611,0.936,0.569,0.0,3.0,0.0,1.0,192.8,1.54,23.0,13.6,6.0,8.0,0.0,16.0,15.0,5.0,30.0,0.649,0.647,0.104,0.886,0.618,0.508,0.171,0.906,0.808,0.0275,-0.0013,0.0183,3
54,1504902,320,5255,0.736,0.533,0.687,1.5,0.0,1.0,0.5,218.2,1.24,37.5,4.2,2.0,1.0,0.0,32.0,30.0,11.5,42.0,0.62,0.65,0.123,0.873,0.616,0.488,0.18,0.892,0.662,0.0305,0.0054,0.0181,2
55,1529806,325,5162,0.725,0.408,0.726,0.86,1.33,0.86,0.2,233.7,1.32,27.0,14.2,2.8,27.6,0.0,24.4,23.4,9.6,66.2,0.658,0.658,0.115,0.937,0.595,0.495,0.213,0.884,0.656,0.053,0.0022,0.0177,2
56,1554892,329,6046,0.666,0.588,0.624,1.18,0.63,0.92,0.12,238.3,1.21,23.2,6.7,4.8,2.6,0.0,20.1,19.6,11.5,39.4,0.673,0.659,0.102,0.993,0.586,0.496,0.211,0.872,0.277,0.2046,-0.0004,0.0183,2
57,1580330,335,4006,0.663,0.538,0.657,0.97,1.06,1.01,0.03,239.9,1.29,25.9,9.4,5.2,11.1,0.0,22.2,21.0,12.6,44.2,0.609,0.662,0.073,1.115,0.582,0.512,0.17,0.855,0.159,0.8028,-0.0005,0.0163,3
58,1605610,342,3888,,,,,,,,,,,,,,,,,,,0.553,0.67,0.077,1.064,0.583,0.54,0.14,0.856,0.866,0.0198,-0.0011,0.0171,3
59,1630890,348,4118,,,,,,,,,,,,,,,,,,,0.549,0.667,0.064,1.108,0.585,0.546,0.191,0.866,0.793,0.0449,-0.0029,0.0134,3
60,1656170,354,4105,,,,,,,,,,,,,,,,,,,0.559,0.665,0.057,1.135,0.595,0.55,0.14,0.865,0.878,0.0215,-0.004,0.0147,3
61,1681450,360,4169,,,,,,,,,,,,,,,,,,,0.581,0.654,0.075,1.032,0.601,0.517,0.143,0.861,0.887,0.0185,-0.0039,0.0141,3
62,1706730,366,4180,,,,,,,,,,,,,,,,,,,0.594,0.648,0.063,1.044,0.604,0.527,0.132,0.851,0.876,0.0231,-0.0042,0.0144,3
63,1732010,372,4086,,,,,,,,,,,,,,,,,,,0.604,0.654,0.074,1.001,0.607,0.547,0.134,0.853,0.889,0.0203,-0.0025,0.0145,3
64,1757290,379,3941,,,,,,,,,,,,,,,,,,,0.623,0.647,0.076,0.986,0.611,0.542,0.133,0.854,0.905,0.019,-0.0043,0.0133,3
65,1782570,385,4064,,,,,,,,,,,,,,,,,,,0.629,0.643,0.068,0.986,0.623,0.523,0.128,0.856,0.909,0.0167,-0.0054,0.0134,3
66,1807850,391,4096,,,,,,,,,,,,,,,,,,,0.638,0.64,0.077,0.925,0.621,0.501,0.111,0.851,0.918,0.0142,-0.0039,0.0141,3
67,1833139,398,3994,0.773,0.0,0.55,2.0,0.0,0.0,0.0,240.0,1.39,28.0,10.1,4.0,2.0,0.0,27.0,25.0,17.0,37.0,0.635,0.645,0.083,0.913,0.623,0.521,0.121,0.844,0.68,0.0289,0.0005,0.0147,3
68,1858483,404,4095,,,,,,,,,,,,,,,,,,,0.652,0.65,0.091,0.898,0.608,0.535,0.12,0.838,0.913,0.0165,-0.0027,0.0148,3
69,1883827,410,4075,,,,,,,,,,,,,,,,,,,0.671,0.642,0.086,0.895,0.615,0.509,0.099,0.822,0.916,0.0142,-0.0044,0.0132,3
70,1909121,416,4423,0.703,0.444,0.841,1.2,0.0,3.0,0.5,205.9,1.51,24.5,13.1,5.5,4.0,0.0,19.0,17.0,5.5,28.5,0.673,0.644,0.095,0.913,0.617,0.48,0.128,0.835,0.665,0.0351,0.0004,0.0171,3
71,1934499,422,4112,0.383,0.466,0.46,0.0,2.0,0.0,0.0,240.0,1.53,22.0,17.2,11.0,71.0,0.0,16.0,14.0,8.0,87.0,0.699,0.655,0.101,0.894,0.596,0.506,0.138,0.855,0.897,0.0179,-0.005,0.015,3
72,1959934,428,4079,0.766,0.537,0.46,1.2,1.0,0.0,0.0,240.0,1.33,22.5,16.0,6.5,32.0,0.0,18.5,18.0,18.0,65.0,0.68,0.651,0.116,0.86,0.615,0.53,0.147,0.854,0.694,0.0355,0.0047,0.0164,3
73,1985405,434,4193,0.703,0.874,0.71,0.0,3.0,0.0,0.33,230.3,1.3,26.7,7.6,8.3,7.0,0.0,23.0,22.0,13.3,47.0,0.68,0.652,0.126,0.833,0.6,0.481,0.159,0.857,0.863,0.0283,-0.0049,0.0185,3
74,2010788,439,5535,0.759,0.534,0.734,1.09,0.67,1.2,0.33,234.1,1.32,34.5,6.7,8.0,2.8,0.0,29.8,28.3,18.5,43.7,0.711,0.656,0.125,0.865,0.6,0.495,0.168,0.869,0.482,0.0883,-0.001,0.0168,2
75,2035811,444,4988,0.707,0.535,0.736,1.16,0.0,1.44,0.05,239.4,1.35,29.5,8.7,8.1,8.8,0.0,24.5,23.4,17.1,45.5,0.692,0.667,0.116,0.92,0.587,0.497,0.171,0.866,0.363,0.2129,-0.0012,0.0202,3
76,2059823,450,3958,0.699,0.501,0.692,1.16,0.78,0.91,0.0,240.0,1.35,29.4,9.6,7.1,10.9,0.0,24.4,23.1,14.9,45.4,0.625,0.679,0.063,1.167,0.54,0.51,0.136,0.828,0.127,0.5641,-0.0041,0.0136,3
77,2083631,456,3854,,,,,,,,,,,,,,,,,,,0.62,0.683,0.094,1.011,0.538,0.507,0.123,0.83,0.92,0.0178,-0.0028,0.0131,3
78,2107439,462,3952,,,,,,,,,,,,,,,,,,,0.607,0.678,0.084,1.102,0.538,0.525,0.182,0.837,0.92,0.0304,-0.0015,0.0167,3
79,2131247,468,3896,,,,,,,,,,,,,,,,,,,0.636,0.678,0.068,1.106,0.536,0.495,0.129,0.837,0.931,0.0189,-0.0032,0.0153,3
80,2155055,475,3877,,,,,,,,,,,,,,,,,,,0.628,0.673,0.081,1.016,0.559,0.491,0.13,0.839,0.928,0.0202,-0.0053,0.0142,3
81,2178863,481,3915,,,,,,,,,,,,,,,,,,,0.643,0.673,0.071,1.055,0.549,0.496,0.122,0.842,0.928,0.0202,-0.004,0.0151,3
82,2202671,487,3993,,,,,,,,,,,,,,,,,,,0.659,0.676,0.066,1.038,0.549,0.487,0.115,0.84,0.939,0.0149,-0.0044,0.0124,3
83,2226479,493,3994,,,,,,,,,,,,,,,,,,,0.668,0.668,0.067,1.012,0.542,0.463,0.103,0.841,0.938,0.015,-0.0042,0.0131,3
84,2250287,498,4058,,,,,,,,,,,,,,,,,,,0.656,0.665,0.066,1.024,0.558,0.471,0.097,0.831,0.938,0.015,-0.0054,0.0132,3
85,2274095,505,3963,,,,,,,,,,,,,,,,,,,0.677,0.663,0.075,1.004,0.565,0.495,0.121,0.821,0.929,0.0155,-0.0039,0.0142,3
86,2297853,511,3916,0.622,0.232,0.388,1.5,0.0,0.0,0.0,240.0,1.16,16.0,7.0,4.0,1.0,0.0,15.0,14.0,17.0,28.0,0.688,0.666,0.071,1.046,0.57,0.5,0.121,0.807,0.722,0.0277,-0.0011,0.0151,3
87,2321533,517,3907,,,,,,,,,,,,,,,,,,,0.698,0.667,0.071,1.042,0.574,0.522,0.127,0.814,0.929,0.0164,-0.0061,0.0144,3
88,2345219,523,3992,0.668,0.708,0.635,0.0,0.0,3.0,0.0,240.0,1.43,11.0,28.1,7.0,25.0,0.0,8.0,6.0,3.0,47.0,0.69,0.661,0.083,0.982,0.57,0.504,0.109,0.808,0.93,0.0157,-0.0036,0.0147,3
89,2369071,529,3885,0.74,0.68,0.62,1.33,1.5,0.0,0.33,233.0,1.3,25.3,8.3,9.0,3.3,0.0,20.3,19.3,15.3,42.7,0.685,0.658,0.099,0.955,0.588,0.512,0.114,0.799,0.606,0.0415,0.0022,0.017,3
90,2392879,535,3856,0.788,0.749,0.701,1.5,0.0,1.2,1.0,204.2,1.66,26.5,15.0,15.5,12.0,0.0,20.0,18.5,9.5,40.0,0.695,0.662,0.092,1.014,0.597,0.53,0.143,0.802,0.775,0.0277,0.0004,0.0159,3
91,2416712,541,3857,0.814,0.0,0.745,2.0,0.0,0.0,1.0,207.9,1.37,41.0,5.6,3.0,43.0,0.0,35.0,33.0,14.0,90.0,0.688,0.66,0.102,1.012,0.597,0.554,0.163,0.828,0.785,0.0298,-0.0008,0.0137,3
92,2440411,545,6092,0.685,0.649,0.689,0.67,1.64,0.86,0.5,227.7,1.36,30.8,8.1,7.3,9.2,0.0,25.0,23.7,17.3,46.8,0.722,0.649,0.117,0.942,0.607,0.555,0.153,0.834,0.768,0.0437,-0.0053,0.0171,2
93,2464334,549,5505,0.655,0.535,0.693,1.11,0.29,1.67,0.09,237.8,1.32,26.4,10.5,6.6,16.9,0.0,22.5,21.4,13.9,50.5,0.731,0.648,0.126,0.96,0.622,0.564,0.171,0.828,0.696,0.0708,-0.0017,0.0168,2
94,2488294,556,3837,0.666,0.524,0.666,1.08,0.93,0.92,0.02,240.0,1.38,29.5,10.0,7.4,8.3,0.0,24.3,23.1,17.4,41.3,0.714,0.649,0.099,1.019,0.617,0.554,0.168,0.826,0.149,0.7482,-0.0024,0.0149,3
95,2513830,562,3993,,,,,,,,,,,,,,,,,,,0.663,0.669,0.041,1.243,0.577,0.576,0.083,0.788,0.92,0.0056,-0.0014,0.0145,3
96,2539366,568,4073,,,,,,,,,,,,,,,,,,,0.654,0.665,0.073,1.031,0.581,0.57,0.082,0.794,0.838,0.0204,-0.0015,0.0138,3
97,2564902,575,4175,,,,,,,,,,,,,,,,,,,0.624,0.662,0.085,1.063,0.586,0.573,0.099,0.783,0.868,0.0275,-0.0041,0.013,3
98,2590438,581,4252,,,,,,,,,,,,,,,,,,,0.655,0.662,0.072,1.109,0.59,0.586,0.104,0.799,0.899,0.0192,-0.0038,0.0135,3
99,2615974,587,4017,,,,,,,,,,,,,,,,,,,0.675,0.661,0.078,1.011,0.599,0.569,0.1,0.809,0.896,0.0187,-0.0037,0.0133,3
100,2641510,593,3900,,,,,,,,,,,,,,,,,,,0.672,0.659,0.089,0.997,0.594,0.557,0.115,0.812,0.897,0.0202,-0.0028,0.0142,3
101,2667046,600,3886,,,,,,,,,,,,,,,,,,,0.68,0.656,0.078,1.02,0.6,0.55,0.107,0.83,0.905,0.0165,-0.004,0.0122,3
102,2692582,606,4138,,,,,,,,,,,,,,,,,,,0.706,0.654,0.089,0.962,0.597,0.547,0.098,0.85,0.889,0.0173,-0.0068,0.012,3
103,2718118,612,4132,,,,,,,,,,,,,,,,,,,0.718,0.654,0.074,1.037,0.607,0.559,0.113,0.857,0.914,0.0126,-0.0042,0.0127,3
104,2743654,619,4230,,,,,,,,,,,,,,,,,,,0.715,0.646,0.085,0.973,0.605,0.533,0.1,0.851,0.926,0.0106,-0.0045,0.0119,3
105,2769272,625,4258,0.708,0.656,0.832,0.0,0.0,3.0,0.0,240.0,1.5,33.0,10.9,9.0,68.0,0.0,28.0,27.0,33.0,97.0,0.704,0.647,0.09,0.94,0.613,0.521,0.105,0.858,0.895,0.0162,-0.0051,0.0115,3
106,2794936,631,4214,,,,,,,,,,,,,,,,,,,0.718,0.651,0.091,0.946,0.594,0.534,0.103,0.846,0.905,0.0146,-0.0051,0.0127,3
107,2820651,637,4216,0.633,0.677,0.596,1.0,2.0,0.0,0.5,232.9,1.33,29.5,7.6,9.5,1.5,0.0,25.0,23.0,11.0,38.0,0.729,0.655,0.091,0.954,0.598,0.514,0.107,0.855,0.689,0.0257,-0.0017,0.0142,3
108,2846537,643,4056,0.679,0.66,0.682,0.86,1.5,0.86,0.0,240.0,1.6,37.7,11.1,8.3,40.3,0.0,27.3,26.0,10.7,72.3,0.745,0.664,0.096,0.975,0.579,0.519,0.139,0.849,0.739,0.0255,-0.0024,0.0144,3
109,2872622,649,4243,0.751,0.892,0.719,2.0,0.0,0.0,0.0,240.0,1.28,35.0,5.8,6.0,8.0,0.0,29.0,27.0,14.0,57.0,0.746,0.663,0.1,0.964,0.574,0.521,0.135,0.841,0.814,0.0191,-0.0017,0.0143,3
110,2898639,656,4095,0.696,0.222,0.696,0.67,1.2,1.5,0.33,227.9,1.28,30.3,7.4,5.3,0.7,0.0,26.7,26.0,20.7,37.3,0.7,0.66,0.108,0.932,0.593,0.519,0.145,0.85,0.802,0.0284,-0.0025,0.0148,3
111,2924936,661,5066,0.634,0.618,0.671,0.96,0.55,1.5,0.0,240.0,1.3,25.1,9.6,6.5,16.0,0.0,21.0,20.0,16.4,52.5,0.745,0.656,0.112,0.919,0.604,0.534,0.143,0.842,0.647,0.066,0.0059,0.0171,2
112,2951261,665,5905,0.634,0.652,0.705,1.08,0.67,1.11,0.07,239.5,1.37,32.7,9.1,8.4,4.9,0.0,27.1,26.0,16.7,40.1,0.76,0.661,0.117,0.961,0.601,0.55,0.163,0.847,0.627,0.0975,0.0032,0.0164,2
113,2977282,672,4185,0.664,0.523,0.652,1.05,1.01,0.88,0.02,239.9,1.4,32.5,9.5,8.3,10.4,0.0,26.4,25.3,18.3,44.8,0.748,0.67,0.095,1.089,0.564,0.547,0.159,0.831,0.198,0.6314,-0.0006,0.014,3
114,3002050,678,3970,,,,,,,,,,,,,,,,,,,0.685,0.676,0.068,1.102,0.541,0.5,0.092,0.796,0.913,0.0098,-0.0051,0.0128,3
115,3026818,684,3843,,,,,,,,,,,,,,,,,,,0.681,0.672,0.084,1.073,0.538,0.515,0.122,0.813,0.871,0.0211,-0.0052,0.0138,3
116,3051586,691,3957,,,,,,,,,,,,,,,,,,,0.681,0.667,0.075,1.116,0.544,0.525,0.115,0.796,0.891,0.0181,-0.005,0.0149,3
117,3076354,697,3968,,,,,,,,,,,,,,,,,,,0.683,0.666,0.076,1.058,0.563,0.536,0.099,0.79,0.898,0.0156,-0.005,0.0111,3
118,3101122,703,3961,,,,,,,,,,,,,,,,,,,0.678,0.664,0.085,1.042,0.579,0.525,0.104,0.798,0.893,0.0162,-0.0022,0.0113,3
119,3125890,709,4090,,,,,,,,,,,,,,,,,,,0.685,0.665,0.089,1.005,0.577,0.516,0.108,0.785,0.89,0.0178,-0.0043,0.0105,3
120,3150658,715,4137,,,,,,,,,,,,,,,,,,,0.697,0.667,0.086,1.047,0.562,0.532,0.109,0.798,0.903,0.0143,-0.0061,0.0123,3
121,3175426,722,3922,,,,,,,,,,,,,,,,,,,0.721,0.665,0.095,1.006,0.576,0.531,0.116,0.793,0.899,0.0137,-0.0043,0.0127,3
122,3200194,728,3826,,,,,,,,,,,,,,,,,,,0.721,0.663,0.096,1.031,0.573,0.523,0.137,0.781,0.886,0.0158,-0.0032,0.0141,3
123,3224962,735,3801,,,,,,,,,,,,,,,,,,,0.754,0.656,0.088,1.056,0.581,0.543,0.12,0.796,0.904,0.0116,-0.0046,0.0126,3
124,3249559,741,3943,0.441,0.437,nan,1.5,0.0,nan,0.0,240.0,1.74,18.0,29.5,13.0,15.0,0.0,13.0,11.0,15.0,32.0,0.752,0.654,0.104,0.975,0.595,0.566,0.128,0.8,0.766,0.016,-0.0007,0.0128,3
125,3274135,747,3858,,,,,,,,,,,,,,,,,,,0.775,0.652,0.101,0.979,0.609,0.559,0.124,0.813,0.885,0.0134,-0.0044,0.012,3
126,3298633,753,3956,0.764,0.0,0.626,0.75,0.0,2.0,0.0,240.0,1.44,32.0,9.6,9.5,8.0,0.0,27.0,25.5,16.0,53.5,0.808,0.659,0.095,1.02,0.605,0.557,0.134,0.808,0.657,0.026,-0.0013,0.0136,3
127,3322994,760,3915,0.613,0.393,0.649,1.64,0.0,0.0,0.0,240.0,1.5,42.7,8.6,14.0,5.3,0.0,30.3,28.3,24.0,38.7,0.796,0.66,0.112,0.957,0.596,0.557,0.155,0.808,0.538,0.0409,-0.0012,0.0153,3
128,3347261,766,3849,0.636,0.353,nan,1.5,0.0,nan,0.0,240.0,1.81,32.0,18.2,15.0,12.0,0.0,20.0,19.0,20.0,29.0,0.775,0.659,0.121,0.962,0.593,0.572,0.153,0.8,0.808,0.0225,-0.0043,0.0147,3
129,3371561,771,5035,0.697,0.601,0.68,0.8,1.8,0.0,0.2,232.9,1.4,31.2,9.5,8.0,1.0,0.0,25.6,24.6,14.0,38.2,0.757,0.658,0.114,0.939,0.612,0.555,0.171,0.804,0.657,0.0424,0.0012,0.0134,2
130,3395615,776,4228,0.663,0.525,0.51,1.41,1.09,0.0,0.1,239.1,1.39,29.3,9.6,7.7,3.3,0.0,23.7,22.8,17.6,37.1,0.771,0.665,0.108,0.988,0.589,0.55,0.167,0.813,0.531,0.0992,-0.0014,0.018,3
131,3419652,782,4111,0.683,0.568,0.708,1.12,0.75,1.03,0.15,238.4,1.35,28.8,9.3,7.7,2.2,0.0,23.7,22.5,18.2,40.6,0.764,0.671,0.104,0.982,0.569,0.539,0.15,0.822,0.544,0.1543,-0.0005,0.0198,3
132,3443679,788,3935,0.684,0.558,0.681,0.93,1.07,1.07,0.01,240.0,1.39,30.1,9.9,7.8,9.4,0.0,24.3,23.1,18.5,44.4,0.743,0.678,0.07,1.176,0.523,0.526,0.136,0.781,0.313,0.4522,-0.002,0.0135,3
133,3467743,795,3878,,,,,,,,,,,,,,,,,,,0.716,0.68,0.077,1.107,0.514,0.488,0.104,0.773,0.932,0.01,-0.0047,0.0125,3
134,3491807,801,4019,,,,,,,,,,,,,,,,,,,0.716,0.676,0.092,1.138,0.512,0.495,0.146,0.79,0.91,0.0195,-0.0029,0.0135,3
135,3515871,807,3980,,,,,,,,,,,,,,,,,,,0.714,0.676,0.074,1.182,0.525,0.491,0.139,0.802,0.916,0.0151,-0.0047,0.0124,3
136,3539935,813,3884,,,,,,,,,,,,,,,,,,,0.715,0.675,0.08,1.161,0.536,0.48,0.153,0.805,0.931,0.011,-0.0042,0.0128,3
137,3563999,819,3865,,,,,,,,,,,,,,,,,,,0.752,0.676,0.072,1.19,0.543,0.511,0.141,0.811,0.914,0.0141,-0.0048,0.0123,3
138,3588063,826,3792,,,,,,,,,,,,,,,,,,,0.758,0.676,0.08,1.123,0.558,0.517,0.135,0.808,0.929,0.0101,-0.0061,0.0116,3
139,3612127,832,3902,,,,,,,,,,,,,,,,,,,0.775,0.677,0.082,1.087,0.559,0.52,0.13,0.813,0.916,0.0124,-0.0067,0.0107,3
140,3636191,838,3932,,,,,,,,,,,,,,,,,,,0.758,0.676,0.088,1.108,0.564,0.499,0.164,0.819,0.91,0.0128,-0.0042,0.012,3
141,3660255,844,3895,,,,,,,,,,,,,,,,,,,0.783,0.682,0.078,1.123,0.551,0.509,0.14,0.825,0.936,0.0081,-0.0074,0.0118,3
142,3684346,850,3829,0.639,0.338,0.819,0.0,0.0,3.0,0.0,240.0,1.09,8.0,8.3,3.0,0.0,0.0,8.0,8.0,6.0,32.0,0.799,0.681,0.084,1.065,0.542,0.497,0.138,0.83,0.905,0.0117,-0.0066,0.012,3
143,3708602,857,3802,,,,,,,,,,,,,,,,,,,0.816,0.68,0.075,1.088,0.538,0.499,0.135,0.829,0.92,0.0109,-0.0061,0.011,3
144,3732858,863,3734,,,,,,,,,,,,,,,,,,,0.84,0.679,0.083,0.995,0.554,0.518,0.108,0.821,0.932,0.0092,-0.0062,0.0115,3
145,3757050,870,3843,0.645,0.836,0.619,0.67,3.0,0.86,0.33,239.7,1.32,29.0,7.9,8.3,1.7,0.0,24.0,23.3,17.7,38.3,0.86,0.674,0.1,0.985,0.578,0.527,0.125,0.823,0.752,0.0245,-0.0016,0.0136,3
146,3781160,876,3872,0.756,0.576,0.739,0.67,2.0,0.0,0.0,240.0,1.47,39.0,8.9,9.3,13.3,0.0,30.3,29.3,16.7,52.0,0.832,0.666,0.094,0.975,0.587,0.522,0.125,0.821,0.785,0.0251,-0.0028,0.0137,3
147,3805160,882,3814,0.495,0.535,0.67,0.0,1.5,2.0,0.5,232.7,1.45,20.5,15.1,6.0,8.5,0.0,17.0,16.0,12.0,33.5,0.782,0.666,0.108,0.921,0.596,0.521,0.139,0.828,0.915,0.0187,-0.0064,0.011,3
148,3829155,888,3828,0.67,0.501,0.761,0.57,2.4,1.2,0.0,240.0,1.36,37.7,7.0,7.0,3.8,0.0,30.3,29.2,26.8,46.3,0.781,0.664,0.119,0.902,0.609,0.541,0.146,0.838,0.711,0.043,-0.002,0.0154,3
149,3853144,893,5248,0.708,0.592,0.722,0.63,0.92,1.71,0.25,234.7,1.4,37.6,7.9,8.2,3.0,0.0,30.4,29.0,21.3,45.1,0.791,0.665,0.113,0.933,0.614,0.54,0.147,0.832,0.703,0.0721,-0.0002,0.0167,2
150,3877102,899,3808,0.646,0.434,0.663,0.87,0.55,1.85,0.0,240.0,1.37,28.7,12.2,6.5,10.6,0.0,23.3,22.2,16.3,45.0,0.803,0.672,0.112,0.94,0.6,0.535,0.143,0.833,0.674,0.1078,-0.0028,0.0162,3
151,3900524,906,3578,0.65,0.483,0.631,1.08,0.86,0.98,0.0,240.0,1.37,30.2,9.6,7.7,9.3,0.0,24.6,23.4,19.3,43.6,0.782,0.676,0.073,1.117,0.563,0.516,0.103,0.801,0.168,0.3471,-0.0009,0.0151,3
152,3923884,913,3463,,,,,,,,,,,,,,,,,,,0.779,0.678,0.087,1.051,0.552,0.516,0.129,0.801,0.948,0.0118,-0.0041,0.0126,3
153,3947244,919,3549,,,,,,,,,,,,,,,,,,,0.767,0.674,0.082,1.125,0.557,0.529,0.182,0.813,0.938,0.0178,-0.005,0.0121,3
154,3970604,926,3710,,,,,,,,,,,,,,,,,,,0.799,0.676,0.069,1.127,0.565,0.536,0.133,0.811,0.951,0.0108,-0.0044,0.013,3
155,3993964,932,3645,,,,,,,,,,,,,,,,,,,0.799,0.673,0.089,1.047,0.571,0.524,0.148,0.819,0.942,0.0129,-0.0058,0.0134,3
156,4017324,938,3752,,,,,,,,,,,,,,,,,,,0.811,0.675,0.077,1.072,0.582,0.527,0.13,0.83,0.947,0.0117,-0.0045,0.0141,3
157,4040684,945,3692,,,,,,,,,,,,,,,,,,,0.789,0.672,0.082,1.015,0.573,0.543,0.124,0.829,0.942,0.0114,-0.0067,0.0121,3
158,4064044,951,3735,,,,,,,,,,,,,,,,,,,0.81,0.673,0.085,1.013,0.588,0.551,0.116,0.821,0.936,0.0132,-0.0059,0.0105,3
159,4087404,957,3651,,,,,,,,,,,,,,,,,,,0.814,0.663,0.09,1.028,0.589,0.54,0.131,0.826,0.934,0.0125,-0.0048,0.012,3
160,4110764,964,3359,,,,,,,,,,,,,,,,,,,0.823,0.665,0.089,1.016,0.602,0.551,0.122,0.828,0.942,0.011,-0.0051,0.0122,3
161,4134124,971,3566,0.739,0.664,0.309,1.5,0.0,0.0,0.0,240.0,1.3,28.0,7.6,9.0,2.0,0.0,22.0,21.0,14.0,38.0,0.864,0.668,0.095,0.989,0.595,0.558,0.124,0.83,0.733,0.0204,-0.0031,0.0119,3
162,4157484,977,3575,,,,,,,,,,,,,,,,,,,0.86,0.669,0.102,0.955,0.592,0.545,0.121,0.829,0.944,0.01,-0.0059,0.0105,3
163,4180843,984,3614,0.75,0.201,0.798,1.33,0.0,1.2,0.33,225.0,1.53,33.0,13.7,11.0,13.3,0.0,27.0,26.7,25.7,50.7,0.864,0.664,0.102,0.969,0.588,0.529,0.135,0.83,0.589,0.0363,0.0025,0.0124,3
164,4204383,990,3725,0.656,0.593,0.721,0.0,1.2,2.0,0.0,240.0,1.38,21.5,20.3,6.0,39.5,0.0,18.5,17.0,7.5,74.5,0.888,0.668,0.1,0.976,0.605,0.554,0.129,0.819,0.957,0.0122,-0.0079,0.0117,3
165,4227951,996,3805,0.628,0.737,0.675,0.0,2.0,1.5,0.0,240.0,1.3,28.3,7.1,8.7,0.0,0.0,21.7,19.7,11.3,35.0,0.871,0.666,0.103,0.96,0.602,0.539,0.13,0.82,0.963,0.0127,-0.0054,0.0114,3
166,4251592,1003,3703,0.682,0.619,0.77,0.0,2.0,0.0,0.0,240.0,1.19,22.0,6.2,4.0,3.0,0.0,18.0,16.0,10.0,41.0,0.826,0.661,0.098,0.977,0.614,0.554,0.143,0.832,0.959,0.0149,-0.0074,0.011,3
167,4275252,1009,3657,0.692,0.473,0.684,1.45,0.0,1.0,0.11,239.1,1.35,34.1,9.3,8.0,12.6,0.0,27.0,25.9,22.4,50.1,0.813,0.657,0.123,0.894,0.629,0.557,0.156,0.834,0.581,0.0855,-0.0007,0.0146,3
168,4298758,1016,3640,0.659,0.505,0.639,0.98,1.26,0.86,0.13,238.6,1.39,33.3,10.3,6.7,14.7,0.0,26.9,25.5,19.7,49.8,0.822,0.662,0.111,1.002,0.614,0.555,0.16,0.829,0.684,0.0897,-0.0005,0.0177,3
169,4322599,1022,3673,0.654,0.505,0.671,0.97,0.94,1.12,0.04,239.7,1.42,32.9,10.5,9.0,10.2,0.0,25.7,24.4,20.4,44.3,0.831,0.668,0.104,1.004,0.613,0.53,0.14,0.81,0.305,0.4899,-0.0054,0.0108,3
170,4347943,1029,3769,,,,,,,,,,,,,,,,,,,0.765,0.67,0.053,1.121,0.589,0.529,0.066,0.784,0.941,0.0074,-0.0061,0.0107,3
171,4373287,1036,3826,,,,,,,,,,,,,,,,,,,0.753,0.67,0.085,1.039,0.587,0.544,0.13,0.803,0.908,0.0193,-0.0043,0.0115,3
172,4398631,1042,3891,,,,,,,,,,,,,,,,,,,0.771,0.666,0.07,1.09,0.585,0.561,0.118,0.802,0.925,0.0138,-0.0062,0.0104,3
173,4423975,1049,3913,,,,,,,,,,,,,,,,,,,0.759,0.664,0.081,0.987,0.595,0.545,0.102,0.789,0.921,0.0138,-0.0049,0.0109,3
174,4449319,1055,3856,,,,,,,,,,,,,,,,,,,0.778,0.661,0.078,0.949,0.615,0.558,0.093,0.8,0.929,0.013,-0.0045,0.0114,3
175,4474663,1062,3912,,,,,,,,,,,,,,,,,,,0.794,0.662,0.069,0.994,0.586,0.562,0.085,0.799,0.922,0.0133,-0.0047,0.0111,3
176,4500007,1068,3883,,,,,,,,,,,,,,,,,,,0.788,0.662,0.075,0.981,0.595,0.566,0.091,0.803,0.916,0.0144,-0.0014,0.0113,3
177,4525351,1075,3992,,,,,,,,,,,,,,,,,,,0.787,0.66,0.079,0.93,0.607,0.545,0.092,0.817,0.939,0.0108,-0.0046,0.0109,3
178,4550695,1081,3863,,,,,,,,,,,,,,,,,,,0.83,0.663,0.076,0.91,0.602,0.55,0.074,0.809,0.917,0.014,-0.0046,0.0099,3
179,4576039,1088,3795,,,,,,,,,,,,,,,,,,,0.81,0.661,0.094,0.863,0.605,0.545,0.086,0.804,0.913,0.0133,-0.0057,0.0111,3
180,4601342,1095,3753,0.59,nan,0.57,1.5,nan,0.0,0.0,240.0,1.39,41.0,6.9,8.0,1.0,0.0,32.0,32.0,34.0,47.0,0.818,0.663,0.087,0.92,0.598,0.537,0.091,0.794,0.753,0.0195,0.0004,0.0124,3
181,4626622,1101,3883,,,,,,,,,,,,,,,,,,,0.826,0.666,0.088,0.871,0.607,0.512,0.09,0.805,0.924,0.0113,-0.0048,0.0096,3
182,4651884,1108,3814,0.719,0.682,0.745,1.09,1.2,0.0,0.0,240.0,1.32,31.0,7.6,7.7,2.7,0.0,25.7,24.7,26.3,44.7,0.849,0.665,0.099,0.895,0.603,0.533,0.106,0.809,0.619,0.0326,-0.0009,0.012,3
183,4677187,1114,3889,0.667,0.403,0.598,2.0,0.0,0.0,0.0,240.0,1.34,30.7,8.5,10.0,1.3,0.0,24.3,23.7,20.7,34.3,0.85,0.666,0.094,0.892,0.605,0.521,0.098,0.826,0.647,0.0378,0.0012,0.0151,3
184,4702753,1121,3897,0.689,0.503,0.44,2.4,0.0,0.0,0.0,240.0,1.37,30.5,8.9,11.0,0.5,0.0,24.0,23.0,19.0,35.0,0.84,0.673,0.093,0.864,0.589,0.507,0.096,0.827,0.774,0.0302,-0.0002,0.0163,3
185,4728401,1128,3808,0.795,0.64,0.689,1.2,2.0,0.0,0.33,231.3,1.44,36.0,8.4,10.7,7.0,0.0,28.0,27.3,25.3,52.0,0.734,0.674,0.104,0.853,0.582,0.506,0.117,0.831,0.785,0.0348,-0.0021,0.0121,3
186,4753871,1134,3920,0.647,0.512,0.631,1.11,0.6,1.2,0.15,235.7,1.4,27.5,15.0,8.9,11.6,0.0,21.9,20.8,18.5,46.6,0.759,0.674,0.113,0.849,0.568,0.489,0.103,0.837,0.671,0.0764,0.0002,0.0177,3
187,4779093,1141,3857,0.72,0.493,0.65,0.86,1.33,1.03,0.14,238.3,1.5,38.3,15.5,11.1,9.1,0.0,28.7,27.6,19.0,46.1,0.789,0.677,0.108,0.882,0.562,0.494,0.114,0.817,0.669,0.115,0.0006,0.0169,3
188,4804096,1147,3742,0.705,0.569,0.663,1.11,0.81,0.97,0.01,240.0,1.45,31.9,11.1,11.2,7.5,0.0,24.6,23.2,19.4,43.9,0.805,0.681,0.082,0.965,0.57,0.507,0.082,0.79,0.318,0.4604,-0.0033,0.0121,3
189,4828992,1154,3767,,,,,,,,,,,,,,,,,,,0.804,0.681,0.088,0.872,0.534,0.504,0.075,0.755,0.929,0.0098,-0.0049,0.0132,3
190,4853888,1161,3819,,,,,,,,,,,,,,,,,,,0.775,0.679,0.105,0.948,0.556,0.533,0.125,0.77,0.919,0.0178,-0.0022,0.0128,3
191,4878784,1167,3927,,,,,,,,,,,,,,,,,,,0.783,0.674,0.089,0.975,0.581,0.533,0.108,0.779,0.929,0.0151,-0.0049,0.0111,3
192,4903680,1174,3723,,,,,,,,,,,,,,,,,,,0.812,0.673,0.096,0.939,0.585,0.53,0.118,0.782,0.935,0.0135,-0.0064,0.0113,3
193,4928576,1180,3759,,,,,,,,,,,,,,,,,,,0.843,0.675,0.083,0.964,0.585,0.534,0.108,0.778,0.931,0.012,-0.0063,0.0133,3
194,4953472,1187,3708,,,,,,,,,,,,,,,,,,,0.815,0.671,0.09,0.937,0.579,0.503,0.111,0.786,0.932,0.0114,-0.0056,0.012,3
195,4978368,1194,3797,,,,,,,,,,,,,,,,,,,0.838,0.671,0.079,0.967,0.581,0.535,0.092,0.787,0.933,0.011,-0.0061,0.0094,3
196,5003264,1200,3917,,,,,,,,,,,,,,,,,,,0.838,0.674,0.093,0.882,0.585,0.524,0.093,0.793,0.923,0.0123,-0.0044,0.01,3
197,5028160,1207,3790,,,,,,,,,,,,,,,,,,,0.869,0.669,0.086,0.903,0.589,0.535,0.095,0.784,0.933,0.0094,-0.0066,0.0102,3
198,5053056,1213,3809,,,,,,,,,,,,,,,,,,,0.856,0.671,0.093,0.815,0.595,0.538,0.091,0.789,0.937,0.0089,-0.0064,0.0103,3
199,5078009,1220,3777,0.694,0.782,0.754,0.0,3.0,0.0,0.0,240.0,1.43,27.0,11.5,17.0,24.0,0.0,22.0,20.0,15.0,60.0,0.84,0.668,0.099,0.862,0.585,0.538,0.111,0.792,0.938,0.0101,-0.0058,0.0094,3
200,5102969,1226,3736,,,,,,,,,,,,,,,,,,,0.85,0.67,0.08,0.874,0.595,0.547,0.084,0.794,0.948,0.0083,-0.0058,0.0094,3
201,5127832,1233,3685,0.732,0.304,0.878,1.2,0.0,3.0,0.0,240.0,1.57,35.3,14.6,15.3,8.7,0.0,25.7,24.3,17.7,44.0,0.856,0.667,0.103,0.77,0.591,0.506,0.086,0.793,0.672,0.0288,-0.0005,0.0123,3
202,5152517,1240,3588,0.609,0.61,0.609,0.92,0.0,3.0,0.0,240.0,1.51,33.0,11.2,16.0,4.3,0.0,25.3,23.7,23.0,40.3,0.842,0.667,0.099,0.844,0.597,0.523,0.099,0.781,0.759,0.0247,-0.0023,0.0092,3
203,5176979,1247,3636,0.715,0.698,0.82,1.5,0.0,0.0,0.0,240.0,1.56,33.0,13.3,16.0,16.5,0.0,24.0,22.0,20.5,53.0,0.818,0.67,0.097,0.839,0.596,0.536,0.101,0.789,0.759,0.0285,-0.0004,0.0117,3
204,5201503,1254,3647,0.623,0.497,0.638,1.2,0.6,1.2,0.0,240.0,1.39,25.0,11.2,7.6,13.6,0.0,20.4,18.6,19.2,50.2,0.778,0.666,0.108,0.838,0.585,0.515,0.095,0.794,0.79,0.0305,-0.0013,0.012,3
205,5226100,1260,3597,0.738,0.562,0.645,0.9,1.57,0.4,0.08,238.3,1.41,33.5,9.1,10.2,8.2,0.0,26.3,25.0,20.9,46.7,0.764,0.664,0.118,0.818,0.602,0.526,0.106,0.791,0.696,0.0647,0.0002,0.0149,3
206,5250732,1267,3691,0.65,0.603,0.627,1.21,0.84,0.75,0.1,238.7,1.58,31.1,13.6,15.0,14.9,0.0,22.8,21.1,15.2,46.2,0.791,0.67,0.112,0.838,0.579,0.524,0.109,0.799,0.562,0.1676,-0.001,0.0153,3
207,5275553,1274,3556,0.678,0.441,0.642,1.17,0.73,0.9,0.01,240.0,1.47,33.9,11.5,11.8,6.5,0.0,25.7,24.4,19.4,41.2,0.792,0.668,0.088,0.97,0.587,0.534,0.09,0.773,0.259,0.3997,-0.0027,0.0127,3
208,5300577,1281,3663,,,,,,,,,,,,,,,,,,,0.778,0.673,0.096,0.809,0.583,0.529,0.075,0.778,0.918,0.013,-0.0043,0.0098,3
209,5325601,1288,3664,,,,,,,,,,,,,,,,,,,0.748,0.665,0.096,0.928,0.587,0.527,0.115,0.782,0.902,0.0208,-0.0034,0.0118,3
210,5350625,1295,3583,,,,,,,,,,,,,,,,,,,0.771,0.667,0.076,0.973,0.583,0.524,0.079,0.77,0.939,0.0119,-0.0045,0.0102,3
211,5375649,1302,3678,,,,,,,,,,,,,,,,,,,0.759,0.665,0.079,0.915,0.599,0.53,0.075,0.784,0.936,0.0119,-0.0066,0.0106,3
212,5400673,1309,3604,,,,,,,,,,,,,,,,,,,0.769,0.663,0.083,0.911,0.602,0.531,0.089,0.785,0.925,0.014,-0.0066,0.0118,3
213,5425697,1315,3836,,,,,,,,,,,,,,,,,,,0.797,0.667,0.082,0.921,0.594,0.551,0.091,0.775,0.939,0.0112,-0.0074,0.0098,3
214,5450721,1322,3698,,,,,,,,,,,,,,,,,,,0.793,0.661,0.08,0.912,0.611,0.539,0.075,0.774,0.955,0.0079,-0.0044,0.0109,3
215,5475745,1329,3690,,,,,,,,,,,,,,,,,,,0.775,0.664,0.085,0.875,0.617,0.565,0.077,0.774,0.948,0.0087,-0.0038,0.0106,3
216,5500769,1336,3527,,,,,,,,,,,,,,,,,,,0.78,0.659,0.088,0.851,0.616,0.558,0.082,0.755,0.945,0.0089,-0.0047,0.0105,3
217,5525793,1343,3649,0.742,0.654,nan,1.5,0.0,nan,0.0,240.0,1.48,30.0,11.6,10.0,1.0,0.0,24.0,23.0,17.0,41.0,0.774,0.661,0.088,0.878,0.616,0.554,0.08,0.758,0.749,0.0203,-0.0017,0.0095,3
218,5550817,1349,3764,,,,,,,,,,,,,,,,,,,0.81,0.662,0.084,0.87,0.609,0.56,0.078,0.772,0.947,0.0089,-0.0045,0.0112,3
219,5575723,1356,3628,0.782,nan,0.937,0.0,nan,3.0,1.0,228.4,1.48,41.0,8.0,11.0,3.0,0.0,31.0,29.0,26.0,51.0,0.812,0.667,0.102,0.817,0.594,0.55,0.08,0.768,0.922,0.0125,-0.0047,0.0106,3
220,5600637,1363,3695,0.67,0.468,0.629,0.86,3.0,0.67,0.0,240.0,1.5,41.3,8.9,13.3,1.0,0.0,31.7,30.0,26.0,36.3,0.807,0.66,0.092,0.859,0.599,0.567,0.08,0.777,0.774,0.0234,0.0005,0.0143,3
221,5625402,1369,4378,0.698,0.512,0.707,1.64,0.0,0.75,0.25,238.7,1.61,37.2,12.0,14.0,17.2,0.0,27.0,24.5,14.2,53.5,0.781,0.653,0.102,0.843,0.611,0.584,0.088,0.766,0.645,0.0343,0.0043,0.0096,2
222,5650099,1376,3458,0.635,0.543,0.606,1.33,0.0,0.0,0.5,215.0,1.72,29.0,16.6,21.5,1.0,0.0,19.0,18.0,15.0,28.5,0.758,0.652,0.123,0.838,0.63,0.593,0.12,0.789,0.732,0.0317,-0.0005,0.0115,3
223,5674718,1382,3959,0.711,0.229,0.607,2.18,0.0,0.0,0.12,238.5,1.51,36.2,12.0,12.0,7.5,0.0,27.8,26.4,19.8,40.0,0.751,0.662,0.117,0.826,0.615,0.578,0.117,0.788,0.495,0.0873,-0.0006,0.0168,3
224,5698913,1389,3663,0.714,0.543,0.637,1.2,1.2,0.46,0.12,239.2,1.49,29.3,12.3,12.8,4.0,0.0,21.7,20.4,16.9,38.1,0.786,0.663,0.14,0.865,0.591,0.55,0.126,0.778,0.675,0.0844,-0.0018,0.0192,3
225,5722827,1396,3484,0.683,0.483,0.672,1.12,0.82,0.97,0.08,239.3,1.51,34.7,12.3,12.2,11.7,0.0,26.6,25.1,19.8,45.6,0.775,0.667,0.12,0.891,0.586,0.546,0.119,0.764,0.647,0.1382,-0.0012,0.0164,3
226,5746183,1402,3531,0.677,0.514,0.647,1.09,0.88,0.91,0.0,240.0,1.48,31.1,11.8,12.7,7.4,0.0,23.7,22.4,18.9,42.4,0.792,0.671,0.074,1.052,0.593,0.564,0.086,0.748,0.238,0.2694,-0.0021,0.0104,3
227,5769479,1409,3595,,,,,,,,,,,,,,,,,,,0.768,0.673,0.093,0.898,0.565,0.532,0.085,0.73,0.94,0.0124,-0.0051,0.0129,3
228,5792775,1415,3608,,,,,,,,,,,,,,,,,,,0.767,0.671,0.087,1.013,0.562,0.527,0.112,0.74,0.917,0.0196,-0.0066,0.012,3
229,5816071,1422,3642,,,,,,,,,,,,,,,,,,,0.783,0.668,0.087,0.965,0.57,0.545,0.091,0.715,0.94,0.0121,-0.007,0.0119,3
230,5839367,1428,3461,,,,,,,,,,,,,,,,,,,0.771,0.665,0.085,0.927,0.59,0.545,0.083,0.727,0.946,0.0117,-0.0076,0.0121,3
231,5862663,1435,3502,,,,,,,,,,,,,,,,,,,0.785,0.661,0.086,0.935,0.615,0.571,0.086,0.725,0.945,0.0111,-0.0051,0.0108,3
232,5885959,1442,3443,,,,,,,,,,,,,,,,,,,0.786,0.662,0.092,0.859,0.605,0.571,0.08,0.72,0.952,0.0087,-0.0063,0.0104,3
233,5909255,1448,3513,,,,,,,,,,,,,,,,,,,0.788,0.661,0.096,0.845,0.587,0.564,0.084,0.702,0.949,0.0089,-0.0056,0.0104,3
234,5932551,1455,3532,,,,,,,,,,,,,,,,,,,0.793,0.66,0.093,0.913,0.604,0.568,0.086,0.698,0.946,0.0083,-0.0054,0.01,3
235,5955847,1462,3392,,,,,,,,,,,,,,,,,,,0.804,0.662,0.082,0.873,0.599,0.558,0.077,0.707,0.946,0.0083,-0.0059,0.0099,3
236,5979093,1468,3521,0.796,0.831,nan,1.5,0.0,nan,0.0,240.0,1.43,29.0,10.6,15.0,1.0,0.0,23.0,22.0,14.0,44.0,0.797,0.665,0.097,0.796,0.599,0.542,0.068,0.7,0.753,0.017,-0.0006,0.0119,3
237,6002261,1475,3536,0.548,0.0,0.576,3.0,0.0,0.0,0.0,240.0,1.75,36.0,14.9,21.0,32.0,0.0,24.0,20.0,16.0,58.0,0.813,0.666,0.105,0.859,0.591,0.54,0.086,0.693,0.748,0.0179,0.0005,0.0092,3
238,6025443,1482,3537,0.658,0.706,0.763,0.0,2.0,1.2,0.0,240.0,1.34,27.5,8.8,12.0,4.0,0.0,19.5,17.5,14.0,46.0,0.81,0.666,0.103,0.849,0.602,0.544,0.077,0.696,0.919,0.0128,-0.0035,0.0099,3
239,6048785,1488,3578,0.717,0.695,0.686,0.75,0.86,2.0,0.33,239.6,1.5,28.0,11.7,14.0,11.3,0.0,18.3,17.7,15.0,44.0,0.811,0.671,0.108,0.855,0.586,0.538,0.085,0.705,0.798,0.0213,-0.0023,0.0103,3
240,6072166,1495,3559,0.731,0.457,0.786,1.5,0.0,2.0,0.33,224.5,1.55,35.0,10.6,13.7,32.0,0.0,27.3,25.7,17.7,62.7,0.838,0.665,0.12,0.838,0.592,0.541,0.097,0.711,0.757,0.0289,-0.0017,0.011,3
241,6095706,1502,3389,0.652,0.742,0.569,0.0,2.0,1.5,0.0,240.0,1.57,32.5,11.5,13.0,6.5,0.0,23.0,22.0,14.5,35.0,0.783,0.666,0.128,0.877,0.59,0.543,0.125,0.713,0.966,0.0117,-0.0056,0.0107,3
242,6119525,1509,3422,0.551,0.476,0.587,0.77,0.75,1.89,0.13,236.9,1.48,25.5,13.8,9.9,16.2,0.0,19.6,18.2,15.1,44.5,0.801,0.667,0.12,0.919,0.599,0.554,0.138,0.709,0.728,0.0694,-0.0009,0.0136,3
243,6143679,1516,3523,0.652,0.444,0.671,0.91,1.33,0.77,0.05,239.8,1.48,32.1,18.7,9.2,16.6,0.0,24.9,23.3,19.1,50.0,0.802,0.672,0.128,0.928,0.606,0.548,0.143,0.71,0.758,0.0848,-0.0008,0.018,3
244,6168663,1522,3720,0.631,0.488,0.624,1.12,0.7,1.09,0.01,240.0,1.49,32.5,12.1,11.9,8.2,0.0,24.7,23.3,20.0,41.5,0.799,0.674,0.102,0.931,0.578,0.514,0.11,0.687,0.352,0.4413,-0.0035,0.011,3
245,6193047,1529,3537,,,,,,,,,,,,,,,,,,,0.797,0.676,0.067,0.932,0.581,0.512,0.063,0.672,0.931,0.009,-0.0071,0.0106,3
246,6217431,1536,3454,,,,,,,,,,,,,,,,,,,0.769,0.674,0.099,0.848,0.554,0.495,0.089,0.672,0.887,0.0213,-0.0034,0.0111,3
247,6241815,1543,3476,,,,,,,,,,,,,,,,,,,0.813,0.673,0.086,0.967,0.561,0.519,0.105,0.689,0.916,0.0156,-0.0063,0.0101,3
248,6266199,1551,3389,,,,,,,,,,,,,,,,,,,0.826,0.674,0.084,0.944,0.569,0.495,0.093,0.71,0.943,0.0099,-0.0048,0.0108,3
249,6290583,1557,3618,,,,,,,,,,,,,,,,,,,0.817,0.675,0.093,0.891,0.588,0.517,0.091,0.717,0.937,0.0105,-0.0071,0.0098,3
250,6314967,1564,3642,,,,,,,,,,,,,,,,,,,0.8,0.673,0.087,0.947,0.565,0.502,0.103,0.726,0.932,0.0117,-0.0076,0.0107,3
251,6339351,1571,3495,,,,,,,,,,,,,,,,,,,0.813,0.675,0.075,0.955,0.563,0.499,0.091,0.745,0.943,0.0084,-0.0072,0.0102,3
252,6363735,1578,3607,,,,,,,,,,,,,,,,,,,0.814,0.674,0.086,0.905,0.565,0.503,0.086,0.766,0.933,0.0092,-0.0056,0.0111,3
253,6388119,1585,3434,,,,,,,,,,,,,,,,,,,0.834,0.673,0.082,0.947,0.559,0.491,0.09,0.777,0.913,0.0119,-0.0046,0.0113,3
254,6412503,1592,3511,,,,,,,,,,,,,,,,,,,0.828,0.67,0.094,0.91,0.582,0.504,0.093,0.81,0.93,0.0102,-0.0058,0.0099,3
255,6436928,1599,3610,0.813,0.695,0.786,3.0,0.0,0.0,0.0,240.0,1.39,37.0,7.5,10.0,1.0,0.0,30.0,29.0,20.0,44.0,0.836,0.665,0.09,0.93,0.593,0.506,0.086,0.802,0.759,0.0151,-0.0031,0.0098,3
256,6461376,1605,3626,0.686,nan,0.695,0.0,nan,1.5,0.0,240.0,1.46,37.0,9.0,15.0,0.0,0.0,29.0,29.0,18.0,51.0,0.816,0.66,0.106,0.855,0.607,0.519,0.094,0.795,0.917,0.0133,-0.0057,0.009,3
257,6485806,1612,3651,0.664,0.46,nan,2.0,0.0,nan,0.0,240.0,1.67,30.0,16.4,7.5,1.5,0.0,23.0,22.0,22.0,35.5,0.84,0.662,0.095,0.863,0.612,0.525,0.1,0.793,0.674,0.0255,-0.002,0.0109,3
258,6509936,1619,3289,0.68,0.636,0.61,0.71,3.0,0.0,0.4,228.0,1.48,27.8,12.4,12.4,1.6,0.0,20.4,19.6,18.8,39.2,0.82,0.658,0.099,0.877,0.614,0.516,0.1,0.785,0.728,0.0273,-0.0024,0.015,3
259,6533961,1627,3382,0.587,0.364,0.752,0.55,1.5,1.2,0.25,226.5,1.46,27.8,13.4,8.2,11.0,0.0,23.0,21.5,25.0,43.8,0.777,0.663,0.111,0.86,0.611,0.511,0.104,0.799,0.872,0.0241,-0.0015,0.0115,3
260,6557996,1634,3405,0.695,0.347,0.689,1.2,0.0,1.5,0.25,235.1,1.52,43.5,8.7,13.5,1.8,0.0,33.8,32.8,27.0,39.0,0.761,0.665,0.127,0.885,0.584,0.507,0.137,0.796,0.777,0.0441,-0.0015,0.0144,3
261,6581466,1641,3342,0.667,0.558,0.673,0.46,1.75,1.31,0.06,239.9,1.42,32.4,9.4,12.8,3.0,0.0,24.9,23.7,17.7,40.3,0.814,0.671,0.116,0.945,0.588,0.506,0.131,0.778,0.787,0.0582,-0.0002,0.0149,3
262,6605199,1648,3399,0.681,0.54,0.602,1.22,0.96,0.65,0.05,239.1,1.47,33.1,11.0,12.6,10.8,0.0,24.8,23.5,18.3,48.8,0.806,0.667,0.112,0.973,0.601,0.519,0.139,0.763,0.647,0.1368,-0.0014,0.0134,3
263,6629018,1655,3207,0.683,0.522,0.685,0.96,0.93,1.15,0.0,240.0,1.45,32.3,10.5,11.8,9.7,0.0,25.0,23.9,19.8,46.7,0.837,0.668,0.084,1.078,0.581,0.534,0.13,0.78,0.416,0.3459,-0.0033,0.0106,3
264,6653402,1665,2527,,,,,,,,,,,,,,,,,,,0.852,0.672,0.082,0.959,0.596,0.535,0.081,0.75,0.925,0.01,-0.0068,0.0111,3
265,6677786,1674,2527,,,,,,,,,,,,,,,,,,,0.813,0.668,0.104,0.898,0.597,0.518,0.101,0.762,0.94,0.0119,-0.0059,0.0106,3
266,6702170,1684,2472,,,,,,,,,,,,,,,,,,,0.829,0.66,0.085,0.994,0.596,0.534,0.095,0.763,0.93,0.0134,-0.005,0.011,3
267,6726554,1694,2513,,,,,,,,,,,,,,,,,,,0.842,0.661,0.084,0.95,0.61,0.546,0.094,0.759,0.933,0.012,-0.0064,0.011,3
268,6750938,1702,2945,,,,,,,,,,,,,,,,,,,0.839,0.658,0.091,0.928,0.625,0.553,0.086,0.77,0.941,0.0101,-0.0065,0.0107,3
269,6775322,1711,2791,,,,,,,,,,,,,,,,,,,0.834,0.659,0.09,0.92,0.617,0.546,0.094,0.766,0.923,0.0123,-0.0061,0.0098,3
270,6799706,1721,2566,,,,,,,,,,,,,,,,,,,0.813,0.655,0.09,0.918,0.62,0.529,0.089,0.77,0.93,0.0106,-0.0044,0.0097,3
271,6824090,1730,2522,,,,,,,,,,,,,,,,,,,0.811,0.653,0.083,0.916,0.629,0.539,0.081,0.769,0.942,0.0094,-0.0057,0.0102,3
272,6848474,1740,2466,,,,,,,,,,,,,,,,,,,0.815,0.65,0.09,0.861,0.648,0.54,0.078,0.765,0.949,0.0079,-0.0061,0.0079,3
273,6872858,1750,2459,,,,,,,,,,,,,,,,,,,0.835,0.654,0.096,0.89,0.65,0.558,0.085,0.777,0.926,0.0106,-0.0063,0.0098,3
274,6897299,1760,2475,0.749,0.0,0.688,2.0,0.0,0.0,0.0,240.0,1.65,50.0,9.4,14.0,6.0,0.0,36.0,35.0,29.0,44.0,0.855,0.657,0.103,0.897,0.63,0.542,0.085,0.775,0.846,0.0123,-0.0015,0.0105,3
275,6921704,1767,3407,0.728,0.72,0.545,3.0,0.0,0.0,0.0,240.0,1.36,25.0,10.3,11.0,4.0,0.0,20.0,18.0,8.0,35.0,0.851,0.663,0.102,0.885,0.62,0.542,0.086,0.778,0.811,0.0152,-0.0022,0.01,3
276,6946049,1775,2983,0.761,0.25,0.752,1.2,0.0,1.5,0.0,240.0,1.5,50.5,7.5,9.0,2.0,0.0,37.5,36.5,31.5,53.0,0.868,0.662,0.116,0.877,0.611,0.525,0.098,0.78,0.819,0.0186,-0.0021,0.0098,3
277,6970757,1785,2542,0.733,0.574,0.696,1.2,1.0,0.67,0.0,240.0,1.53,33.2,13.9,10.5,31.0,0.0,25.2,24.0,18.2,72.3,0.839,0.659,0.108,0.93,0.613,0.525,0.103,0.791,0.735,0.0293,0.0007,0.0124,3
278,6995546,1795,2538,0.615,0.567,0.555,0.75,3.0,0.0,0.0,240.0,1.25,27.0,6.7,6.0,0.0,0.0,23.3,22.0,23.7,36.7,0.818,0.659,0.111,1.008,0.615,0.546,0.138,0.797,0.87,0.0256,-0.0013,0.0107,3
279,7020455,1803,3008,0.681,0.578,0.649,1.09,1.09,0.8,0.38,230.4,1.63,39.2,10.7,14.1,5.5,0.0,27.5,25.9,18.6,39.1,0.788,0.671,0.124,1.024,0.606,0.519,0.177,0.795,0.759,0.0421,-0.001,0.0138,3
280,7045724,1811,3416,0.631,0.518,0.624,0.96,0.97,1.11,0.06,238.5,1.47,27.9,16.5,9.5,7.1,0.0,21.3,19.8,15.1,39.0,0.79,0.673,0.115,1.05,0.581,0.506,0.172,0.787,0.713,0.0793,0.0015,0.0179,3
281,7070728,1818,3416,0.662,0.582,0.686,0.74,1.61,0.88,0.12,239.3,1.55,35.4,11.9,12.3,14.1,0.0,26.4,25.2,20.9,51.5,0.807,0.676,0.109,1.062,0.558,0.479,0.176,0.787,0.707,0.1065,-0.0027,0.0144,3
282,7095287,1825,3596,0.656,0.506,0.663,1.05,0.77,1.13,0.0,240.0,1.47,34.0,10.8,11.1,6.8,0.0,26.2,25.1,20.1,44.7,0.862,0.675,0.088,1.179,0.561,0.489,0.149,0.774,0.299,0.3013,-0.0058,0.0093,3
283,7119927,1832,3564,,,,,,,,,,,,,,,,,,,0.885,0.676,0.102,1.104,0.569,0.495,0.138,0.759,0.894,0.0109,-0.005,0.0095,3
284,7144567,1839,3331,,,,,,,,,,,,,,,,,,,0.87,0.674,0.095,1.142,0.563,0.503,0.149,0.775,0.915,0.0108,-0.006,0.011,3
285,7169207,1847,3107,,,,,,,,,,,,,,,,,,,0.897,0.671,0.087,1.193,0.568,0.516,0.155,0.768,0.93,0.0092,-0.0052,0.0116,3
286,7193847,1854,3480,,,,,,,,,,,,,,,,,,,0.899,0.671,0.089,1.152,0.578,0.516,0.146,0.777,0.935,0.0083,-0.0058,0.0104,3
287,7218487,1862,3282,,,,,,,,,,,,,,,,,,,0.882,0.666,0.088,1.157,0.585,0.512,0.138,0.775,0.933,0.0076,-0.0063,0.011,3
288,7243127,1869,3444,,,,,,,,,,,,,,,,,,,0.861,0.664,0.099,1.114,0.595,0.512,0.148,0.755,0.937,0.0079,-0.0052,0.0109,3
289,7267767,1876,3428,,,,,,,,,,,,,,,,,,,0.881,0.663,0.097,1.13,0.593,0.511,0.145,0.75,0.939,0.0075,-0.0063,0.0102,3
290,7292407,1883,3614,,,,,,,,,,,,,,,,,,,0.894,0.665,0.102,1.106,0.608,0.529,0.148,0.74,0.94,0.0076,-0.0059,0.0092,3
291,7317047,1890,3470,,,,,,,,,,,,,,,,,,,0.9,0.662,0.092,1.138,0.606,0.542,0.157,0.743,0.95,0.0058,-0.0069,0.0107,3
292,7341678,1897,3465,0.463,nan,0.55,1.5,nan,0.0,0.0,240.0,1.47,35.0,9.5,13.0,2.0,0.0,30.0,30.0,32.0,35.0,0.895,0.663,0.11,1.038,0.609,0.52,0.132,0.736,0.737,0.016,-0.0002,0.0147,3
293,7366254,1904,3452,,,,,,,,,,,,,,,,,,,0.869,0.66,0.106,1.076,0.596,0.513,0.163,0.755,0.949,0.0072,-0.0072,0.0091,3
294,7391067,1911,3517,0.531,0.618,0.605,0.0,2.4,0.0,0.5,199.3,1.49,13.0,22.0,5.0,39.5,0.0,12.5,10.5,13.5,61.5,0.881,0.662,0.093,1.14,0.613,0.54,0.152,0.757,0.959,0.0071,-0.0061,0.0102,3
295,7415863,1919,3448,0.67,0.719,0.712,0.46,1.33,1.5,0.2,235.3,1.23,29.8,5.5,4.0,4.2,0.0,25.8,24.4,18.8,53.8,0.871,0.662,0.109,1.087,0.614,0.531,0.181,0.757,0.822,0.0197,-0.0036,0.0103,3
296,7440332,1926,3396,0.602,0.614,0.531,1.06,1.2,0.0,0.0,240.0,1.23,25.8,7.6,4.8,3.8,0.0,22.4,20.8,29.2,48.8,0.86,0.655,0.1,1.081,0.615,0.514,0.146,0.755,0.743,0.0279,-0.001,0.0135,3
297,7464661,1933,3463,0.653,0.72,0.768,0.0,3.0,3.0,0.0,240.0,1.35,42.5,5.9,7.5,5.0,0.0,34.5,33.0,24.0,56.5,0.816,0.666,0.112,1.057,0.61,0.522,0.172,0.771,0.964,0.0114,-0.0057,0.0102,3
298,7488839,1940,3365,0.582,0.492,0.668,1.02,1.41,0.43,0.08,238.0,1.37,33.8,8.1,7.2,11.5,0.0,28.4,27.3,27.6,48.6,0.798,0.658,0.128,0.999,0.595,0.491,0.154,0.771,0.656,0.0703,-0.0014,0.0174,3
299,7513340,1947,3394,0.617,0.533,0.608,1.06,1.56,0.5,0.0,240.0,1.34,32.1,8.2,7.1,3.7,0.0,26.2,25.3,21.5,42.5,0.819,0.661,0.126,1.052,0.627,0.538,0.169,0.761,0.698,0.0925,-0.0017,0.0163,3
300,7538206,1954,3537,0.619,0.592,0.701,0.9,1.05,1.09,0.12,238.7,1.47,34.7,10.3,8.2,13.4,0.0,26.9,25.4,21.6,48.8,0.838,0.662,0.124,1.043,0.612,0.52,0.173,0.764,0.774,0.0767,-0.002,0.0164,3
301,7562343,1962,3333,0.625,0.541,0.622,0.74,1.68,0.91,0.02,240.0,1.34,33.9,7.8,7.5,5.1,0.0,28.4,27.3,23.0,47.1,0.891,0.665,0.104,1.112,0.61,0.541,0.158,0.781,0.4,0.1438,-0.0037,0.0152,3
302,7586407,1969,3405,,,,,,,,,,,,,,,,,,,0.9,0.662,0.102,1.066,0.598,0.516,0.136,0.803,0.921,0.012,-0.0055,0.0108,3
303,7610471,1976,3175,,,,,,,,,,,,,,,,,,,0.889,0.66,0.091,1.114,0.594,0.524,0.145,0.795,0.93,0.012,-0.0058,0.0111,3
304,7634535,1984,3178,,,,,,,,,,,,,,,,,,,0.92,0.66,0.101,1.046,0.604,0.513,0.138,0.783,0.947,0.0085,-0.0054,0.0109,3
305,7658599,1991,3361,,,,,,,,,,,,,,,,,,,0.918,0.654,0.098,1.062,0.604,0.512,0.152,0.803,0.937,0.0107,-0.0067,0.0112,3
306,7682663,1998,3383,,,,,,,,,,,,,,,,,,,0.907,0.654,0.091,1.037,0.62,0.507,0.127,0.815,0.948,0.0081,-0.0063,0.0111,3
307,7706727,2005,3365,,,,,,,,,,,,,,,,,,,0.924,0.655,0.092,1.01,0.623,0.542,0.116,0.813,0.947,0.008,-0.0062,0.0107,3
308,7730791,2013,3282,,,,,,,,,,,,,,,,,,,0.913,0.651,0.098,0.967,0.612,0.515,0.113,0.825,0.956,0.0073,-0.0059,0.0104,3
309,7754855,2020,3289,,,,,,,,,,,,,,,,,,,0.928,0.649,0.092,0.96,0.636,0.528,0.111,0.828,0.952,0.0078,-0.0069,0.0102,3
310,7778919,2027,3367,,,,,,,,,,,,,,,,,,,0.908,0.65,0.085,0.989,0.633,0.512,0.106,0.841,0.956,0.007,-0.0066,0.0092,3
311,7802933,2034,3319,0.628,nan,0.754,0.0,nan,2.0,0.0,240.0,1.25,46.0,3.9,5.0,0.0,0.0,39.0,39.0,44.0,48.0,0.878,0.647,0.099,0.96,0.642,0.506,0.114,0.834,0.959,0.0062,-0.0063,0.01,3
312,7826822,2041,3385,0.538,0.689,0.526,0.75,2.0,0.0,0.0,240.0,1.81,41.5,14.0,17.5,5.0,0.0,26.5,25.5,14.0,32.5,0.882,0.647,0.099,0.98,0.632,0.532,0.128,0.838,0.771,0.0178,0.0003,0.0111,3
313,7850518,2049,3235,0.701,0.471,0.759,0.0,3.0,1.0,0.0,240.0,1.37,40.5,7.2,9.5,3.5,0.0,34.0,32.0,21.5,51.0,0.895,0.653,0.1,0.932,0.63,0.538,0.116,0.832,0.953,0.0083,-0.005,0.0106,3
314,7874529,2056,3325,0.548,0.465,0.676,0.0,1.33,2.0,0.0,240.0,1.42,35.6,8.6,7.8,6.8,0.0,28.0,26.8,20.2,39.2,0.883,0.652,0.106,0.923,0.636,0.518,0.108,0.83,0.958,0.0099,-0.0055,0.0098,3
315,7898713,2063,3365,0.562,0.543,0.656,0.92,0.75,1.33,0.2,234.8,1.38,26.2,11.1,8.6,10.0,0.0,21.0,20.0,16.6,43.6,0.851,0.654,0.102,0.933,0.636,0.503,0.127,0.847,0.856,0.0222,0.0005,0.0108,3
316,7923033,2070,3425,0.691,0.563,0.643,0.55,2.0,1.5,0.0,240.0,1.37,36.3,7.5,10.0,3.3,0.0,29.3,28.7,22.0,49.7,0.805,0.66,0.113,0.969,0.601,0.477,0.15,0.843,0.901,0.0222,-0.0033,0.0105,3
317,7947618,2078,3433,0.66,0.526,0.591,1.12,1.3,0.56,0.11,238.4,1.48,40.1,9.6,9.6,6.2,0.0,31.2,29.8,29.0,46.6,0.798,0.663,0.115,0.968,0.607,0.463,0.147,0.828,0.617,0.1079,-0.0021,0.0145,3
318,7972085,2085,3377,0.606,0.453,0.671,0.96,0.83,1.24,0.14,237.8,1.47,37.5,9.4,11.5,6.3,0.0,28.5,26.9,23.8,45.4,0.835,0.661,0.11,0.996,0.603,0.481,0.136,0.817,0.707,0.1089,-0.0017,0.013,3
319,7996656,2092,3400,0.627,0.511,0.623,0.97,0.85,1.19,0.03,240.0,1.43,34.3,10.5,9.5,6.8,0.0,27.2,26.1,23.2,44.2,0.84,0.663,0.112,1.009,0.606,0.495,0.134,0.827,0.429,0.3063,-0.0036,0.0129,3
320,8021104,2099,3346,,,,,,,,,,,,,,,,,,,0.887,0.663,0.094,1.079,0.615,0.539,0.119,0.805,0.937,0.0089,-0.0062,0.0102,3
321,8045552,2107,3233,,,,,,,,,,,,,,,,,,,0.867,0.664,0.109,0.996,0.607,0.53,0.124,0.815,0.939,0.0116,-0.0063,0.0093,3
322,8070000,2114,3258,,,,,,,,,,,,,,,,,,,0.877,0.658,0.098,1.003,0.598,0.491,0.118,0.819,0.928,0.0149,-0.006,0.0101,3
323,8094448,2122,3399,,,,,,,,,,,,,,,,,,,0.87,0.657,0.099,0.996,0.611,0.514,0.105,0.815,0.949,0.0102,-0.0064,0.0104,3
324,8118896,2129,3281,,,,,,,,,,,,,,,,,,,0.896,0.663,0.105,0.986,0.618,0.522,0.116,0.822,0.944,0.0107,-0.0057,0.0089,3
325,8143344,2137,3178,,,,,,,,,,,,,,,,,,,0.886,0.661,0.083,1.041,0.609,0.509,0.098,0.838,0.953,0.0086,-0.0059,0.0092,3
326,8167792,2144,3398,,,,,,,,,,,,,,,,,,,0.879,0.662,0.096,0.951,0.599,0.502,0.1,0.845,0.945,0.0101,-0.0058,0.0085,3
327,8192240,2151,3399,,,,,,,,,,,,,,,,,,,0.9,0.662,0.096,0.986,0.603,0.511,0.099,0.834,0.948,0.009,-0.0049,0.0105,3
328,8216688,2159,3344,,,,,,,,,,,,,,,,,,,0.911,0.663,0.102,0.944,0.586,0.488,0.104,0.85,0.952,0.0081,-0.0067,0.0095,3
329,8241136,2166,3384,,,,,,,,,,,,,,,,,,,0.886,0.659,0.102,0.962,0.608,0.498,0.099,0.846,0.955,0.0072,-0.0064,0.0093,3
330,8265625,2173,3273,0.638,0.499,0.714,0.0,0.0,1.5,0.0,240.0,1.31,29.0,7.6,10.0,1.0,0.0,25.0,25.0,40.0,44.0,0.886,0.656,0.101,0.962,0.61,0.499,0.103,0.838,0.931,0.0101,-0.0055,0.0098,3
331,8290275,2180,3443,0.636,0.555,0.678,1.5,0.0,1.0,0.0,240.0,1.33,30.5,9.4,9.5,3.5,0.0,25.5,25.5,27.5,49.5,0.901,0.659,0.105,0.985,0.612,0.487,0.109,0.838,0.798,0.0157,-0.0026,0.0111,3
332,8315077,2188,3328,0.625,0.947,0.686,1.0,2.0,0.0,0.33,238.6,1.6,35.3,13.0,15.0,3.7,0.0,26.7,24.7,23.7,43.0,0.88,0.657,0.105,1.002,0.596,0.483,0.106,0.839,0.7,0.0279,-0.0007,0.0096,3
333,8339604,2195,3258,0.594,0.491,0.61,1.06,0.0,1.8,0.0,240.0,1.38,24.0,10.9,10.5,1.7,0.0,19.3,18.8,17.2,37.2,0.867,0.659,0.125,0.993,0.6,0.469,0.138,0.821,0.661,0.0378,0.0014,0.0129,3
334,8364236,2203,3332,0.646,0.78,0.625,1.2,1.5,0.0,0.0,240.0,1.38,30.7,8.6,10.0,0.3,0.0,25.0,24.7,22.3,44.3,0.871,0.657,0.113,1.093,0.603,0.471,0.185,0.818,0.836,0.0218,-0.0021,0.0084,3
335,8388774,2210,3432,0.593,0.589,0.649,0.95,1.33,0.75,0.0,240.0,1.43,33.5,10.1,9.8,5.0,0.0,28.7,28.0,24.0,46.3,0.808,0.662,0.12,1.084,0.58,0.449,0.217,0.824,0.775,0.0368,-0.002,0.0123,3
336,8413001,2218,3252,0.642,0.575,0.642,0.79,1.17,1.31,0.08,238.9,1.5,40.1,9.2,10.6,8.2,0.0,31.3,30.5,22.2,50.2,0.818,0.662,0.129,1.099,0.574,0.461,0.232,0.811,0.659,0.0961,-0.0029,0.0123,3
337,8437359,2225,3403,0.629,0.594,0.617,0.55,2.32,0.43,0.05,239.7,1.4,32.6,10.0,8.2,9.9,0.0,26.2,25.1,23.5,49.9,0.83,0.664,0.123,1.094,0.596,0.474,0.21,0.8,0.834,0.0616,-0.0028,0.0165,3
338,8461626,2232,3302,0.613,0.541,0.59,0.83,1.4,0.94,0.0,240.0,1.38,35.5,8.4,8.9,5.4,0.0,28.4,27.5,26.4,45.4,0.819,0.66,0.114,1.124,0.606,0.498,0.214,0.801,0.496,0.2403,-0.0045,0.0097,3
339,8485882,2239,3414,,,,,,,,,,,,,,,,,,,0.825,0.66,0.099,1.076,0.611,0.512,0.141,0.773,0.946,0.009,-0.0067,0.0107,3
340,8510138,2246,3380,,,,,,,,,,,,,,,,,,,0.836,0.661,0.096,1.111,0.604,0.486,0.147,0.794,0.955,0.0099,-0.0065,0.0097,3
341,8534394,2254,3208,,,,,,,,,,,,,,,,,,,0.831,0.665,0.099,1.079,0.597,0.475,0.149,0.797,0.948,0.0111,-0.0066,0.0096,3
342,8558650,2261,3275,,,,,,,,,,,,,,,,,,,0.835,0.661,0.095,1.05,0.603,0.486,0.133,0.804,0.966,0.0074,-0.0079,0.0097,3
343,8582906,2269,3380,,,,,,,,,,,,,,,,,,,0.846,0.663,0.097,1.019,0.604,0.485,0.121,0.806,0.961,0.0079,-0.0072,0.0095,3
344,8607162,2276,3367,,,,,,,,,,,,,,,,,,,0.851,0.663,0.104,0.969,0.596,0.481,0.117,0.814,0.955,0.0092,-0.0065,0.0099,3
345,8631418,2283,3383,,,,,,,,,,,,,,,,,,,0.859,0.664,0.096,0.992,0.602,0.485,0.111,0.806,0.956,0.0096,-0.0061,0.009,3
346,8655674,2290,3393,,,,,,,,,,,,,,,,,,,0.855,0.658,0.1,0.973,0.604,0.491,0.107,0.812,0.965,0.0071,-0.006,0.0096,3
347,8679930,2297,3337,,,,,,,,,,,,,,,,,,,0.853,0.663,0.108,0.956,0.596,0.488,0.123,0.805,0.959,0.0085,-0.0058,0.0094,3
348,8704186,2305,3320,,,,,,,,,,,,,,,,,,,0.843,0.658,0.104,1.021,0.606,0.477,0.122,0.804,0.959,0.0082,-0.0066,0.0096,3
349,8728442,2312,3329,0.442,0.551,0.669,0.0,0.0,2.0,0.0,240.0,1.24,37.0,4.7,3.0,6.0,0.0,32.0,31.0,21.0,48.0,0.845,0.655,0.108,0.998,0.614,0.458,0.138,0.816,0.951,0.0095,-0.0062,0.0094,3
350,8752568,2319,3357,0.651,0.205,0.741,0.67,0.0,3.0,0.0,240.0,1.69,52.5,10.0,21.0,8.0,0.0,37.5,37.5,36.0,57.5,0.854,0.651,0.109,0.997,0.625,0.446,0.125,0.808,0.848,0.0132,-0.0029,0.009,3
351,8776726,2327,3297,0.695,0.431,0.629,1.5,1.0,0.0,0.0,240.0,1.5,40.7,11.5,5.3,32.0,0.0,30.7,29.7,27.3,73.3,0.838,0.65,0.108,1.02,0.611,0.432,0.155,0.806,0.805,0.0209,-0.0005,0.0086,3
352,8801043,2334,3206,0.565,0.551,0.681,0.57,2.31,0.0,0.0,240.0,1.56,37.4,11.8,8.3,23.9,0.0,30.1,28.7,25.3,60.6,0.842,0.654,0.117,1.035,0.604,0.444,0.176,0.801,0.806,0.0257,-0.0004,0.0108,3
353,8824848,2342,3117,0.579,0.551,0.677,0.86,2.0,0.0,0.0,240.0,1.5,33.5,10.8,16.5,1.0,0.0,27.0,25.5,22.0,36.5,0.786,0.654,0.122,1.019,0.6,0.465,0.196,0.79,0.96,0.0095,-0.0057,0.0086,3
354,8848624,2349,3133,0.58,0.45,0.545,1.24,1.5,0.32,0.0,240.0,1.35,35.3,7.8,6.8,1.8,0.0,30.0,28.9,30.8,42.4,0.759,0.654,0.116,1.097,0.591,0.426,0.249,0.793,0.678,0.0634,-0.0027,0.0143,3
355,8872426,2357,3163,0.612,0.602,0.609,1.06,1.3,0.62,0.08,238.4,1.47,34.6,10.7,7.9,7.7,0.0,27.4,26.4,25.0,44.9,0.804,0.659,0.122,1.109,0.593,0.469,0.252,0.793,0.696,0.0963,-0.0032,0.0149,3
356,8896205,2364,3218,0.587,0.491,0.634,1.04,0.95,0.96,0.0,240.0,1.46,36.7,9.4,7.7,6.5,0.0,29.1,28.1,27.9,45.1,0.804,0.659,0.112,1.097,0.603,0.482,0.21,0.791,0.753,0.098,-0.0024,0.0134,3
357,8920250,2372,3218,0.649,0.447,0.622,1.23,0.8,0.77,0.0,240.0,1.43,39.4,8.8,8.8,7.9,0.0,31.8,30.7,28.0,49.8,0.82,0.66,0.111,1.095,0.601,0.504,0.189,0.807,0.293,0.2709,-0.0044,0.009,3
358,8944506,2379,3358,,,,,,,,,,,,,,,,,,,0.836,0.66,0.093,1.104,0.61,0.489,0.138,0.817,0.952,0.0086,-0.0063,0.0097,3
359,8968762,2386,3338,,,,,,,,,,,,,,,,,,,0.818,0.654,0.098,1.057,0.612,0.495,0.147,0.798,0.952,0.0098,-0.0062,0.0108,3
360,8993018,2394,3393,,,,,,,,,,,,,,,,,,,0.837,0.649,0.09,1.116,0.635,0.497,0.158,0.802,0.956,0.0087,-0.0072,0.0092,3
361,9017274,2401,3385,,,,,,,,,,,,,,,,,,,0.822,0.649,0.09,1.05,0.638,0.502,0.125,0.795,0.957,0.0083,-0.0053,0.0101,3
362,9041530,2408,3415,,,,,,,,,,,,,,,,,,,0.843,0.643,0.09,1.023,0.647,0.502,0.105,0.793,0.964,0.0069,-0.0062,0.0089,3
363,9065786,2415,3208,,,,,,,,,,,,,,,,,,,0.821,0.646,0.085,0.991,0.646,0.499,0.104,0.792,0.96,0.007,-0.0065,0.0093,3
364,9090042,2423,3264,,,,,,,,,,,,,,,,,,,0.846,0.643,0.09,0.996,0.648,0.506,0.108,0.804,0.955,0.0081,-0.0059,0.0092,3
365,9114298,2430,3444,,,,,,,,,,,,,,,,,,,0.861,0.647,0.088,0.951,0.647,0.51,0.083,0.793,0.965,0.006,-0.0065,0.01,3
366,9138554,2437,3348,,,,,,,,,,,,,,,,,,,0.836,0.641,0.096,0.96,0.661,0.515,0.1,0.801,0.948,0.0091,-0.0063,0.0101,3
367,9162810,2445,3326,0.561,0.319,0.642,0.0,0.0,6.0,0.0,240.0,1.36,20.0,12.9,9.0,37.0,0.0,19.0,16.0,12.0,67.0,0.862,0.642,0.105,0.967,0.661,0.521,0.115,0.82,0.943,0.0095,-0.0058,0.0098,3
368,9187066,2452,3416,,,,,,,,,,,,,,,,,,,0.847,0.636,0.104,0.966,0.676,0.504,0.117,0.805,0.959,0.0069,-0.0069,0.0087,3
369,9211077,2459,3380,0.6,0.514,0.72,0.6,1.0,3.0,0.0,240.0,1.68,43.0,11.4,9.3,8.7,0.0,29.7,27.7,20.3,39.7,0.852,0.645,0.107,0.954,0.673,0.513,0.114,0.801,0.901,0.0091,-0.0037,0.0103,3
370,9235074,2466,3288,0.611,0.717,0.579,0.43,1.71,1.33,0.2,237.3,1.47,37.0,9.7,8.8,6.0,0.0,28.0,26.0,22.6,41.2,0.857,0.643,0.112,0.98,0.66,0.514,0.141,0.809,0.881,0.0153,-0.0037,0.009,3
371,9259121,2473,3294,0.657,0.578,0.575,0.0,2.18,0.86,0.0,240.0,1.42,30.4,10.7,8.8,24.2,0.0,23.8,22.8,16.8,63.6,0.842,0.644,0.116,1.024,0.666,0.515,0.165,0.799,0.971,0.0095,-0.0073,0.0087,3
372,9283539,2481,3396,0.776,0.766,0.562,1.0,3.0,0.0,0.33,232.6,1.35,31.7,7.5,9.7,0.3,0.0,25.3,24.7,21.3,40.3,0.818,0.65,0.113,1.042,0.652,0.487,0.182,0.81,0.958,0.0117,-0.004,0.0099,3
373,9308385,2488,3435,0.621,0.387,0.624,1.2,0.75,0.86,0.07,238.3,1.46,40.1,10.2,8.1,12.0,0.0,32.2,31.1,29.1,54.8,0.802,0.656,0.116,1.044,0.641,0.481,0.209,0.803,0.709,0.076,-0.0009,0.0121,3
374,9333669,2495,3318,0.618,0.427,0.63,1.07,0.81,1.06,0.04,238.9,1.42,36.0,17.3,8.1,8.7,0.0,28.3,27.0,25.2,48.9,0.824,0.653,0.102,1.087,0.63,0.48,0.181,0.798,0.779,0.0753,-0.0021,0.0144,3
375,9359063,2503,3335,0.622,0.552,0.611,1.2,1.07,0.46,0.0,240.0,1.46,37.8,9.8,9.0,15.4,0.0,29.5,28.6,25.8,56.1,0.835,0.658,0.112,1.027,0.64,0.492,0.175,0.799,0.765,0.0863,-0.0026,0.011,3
376,9384059,2510,3420,0.611,0.46,0.637,1.07,0.71,1.17,0.0,240.0,1.49,39.5,10.0,10.1,10.8,0.0,30.8,29.4,26.1,50.7,0.825,0.657,0.101,1.023,0.637,0.484,0.133,0.802,0.266,0.1645,-0.0031,0.0118,3
377,9408955,2518,3445,,,,,,,,,,,,,,,,,,,0.821,0.649,0.106,0.981,0.638,0.469,0.123,0.818,0.932,0.0099,-0.0075,0.0082,3
378,9433851,2525,3268,,,,,,,,,,,,,,,,,,,0.824,0.648,0.095,1.019,0.645,0.488,0.119,0.803,0.939,0.0098,-0.0068,0.0109,3
379,9458747,2533,3338,,,,,,,,,,,,,,,,,,,0.813,0.639,0.099,0.996,0.647,0.474,0.122,0.815,0.944,0.0095,-0.0069,0.0103,3
380,9483643,2540,3519,,,,,,,,,,,,,,,,,,,0.816,0.64,0.108,0.96,0.665,0.494,0.118,0.806,0.95,0.0081,-0.0065,0.0092,3
381,9508539,2547,3445,,,,,,,,,,,,,,,,,,,0.829,0.635,0.097,1.036,0.674,0.523,0.13,0.81,0.949,0.0081,-0.0058,0.0095,3
382,9533435,2554,3429,,,,,,,,,,,,,,,,,,,0.831,0.633,0.09,0.967,0.672,0.498,0.09,0.817,0.959,0.0058,-0.0055,0.0088,3
383,9558331,2562,3415,,,,,,,,,,,,,,,,,,,0.814,0.631,0.099,0.986,0.68,0.507,0.122,0.828,0.946,0.0081,-0.0067,0.0082,3
384,9583227,2569,3427,,,,,,,,,,,,,,,,,,,0.809,0.63,0.091,0.946,0.687,0.51,0.097,0.826,0.957,0.006,-0.0067,0.0101,3
385,9608123,2576,3488,,,,,,,,,,,,,,,,,,,0.798,0.631,0.1,0.986,0.686,0.528,0.121,0.825,0.944,0.0081,-0.0047,0.0095,3
386,9633044,2583,3450,0.673,0.455,0.492,0.0,2.0,0.0,0.0,240.0,1.43,26.0,12.1,6.0,12.0,0.0,19.0,18.0,17.0,51.0,0.826,0.637,0.105,0.98,0.675,0.516,0.112,0.822,0.957,0.0064,-0.0056,0.0088,3
387,9658039,2591,3318,0.698,0.459,0.682,0.0,1.2,1.2,0.0,240.0,1.44,27.5,11.9,5.5,6.5,0.0,23.0,20.5,15.5,39.0,0.814,0.638,0.11,0.989,0.672,0.519,0.138,0.835,0.951,0.0081,-0.0051,0.0093,3
388,9683198,2599,3275,0.647,0.837,0.641,1.0,0.0,1.2,0.0,240.0,1.38,29.0,9.4,12.0,1.0,0.0,24.0,22.0,20.0,47.0,0.832,0.636,0.108,1.001,0.683,0.529,0.153,0.837,0.814,0.0179,-0.005,0.01,3
389,9708492,2606,3350,0.681,0.689,0.676,0.71,1.8,0.67,0.0,240.0,1.47,42.0,8.6,12.2,2.5,0.0,31.8,30.8,24.8,49.8,0.839,0.646,0.117,1.002,0.657,0.495,0.17,0.842,0.809,0.023,-0.0033,0.0103,3
390,9733940,2614,3386,0.651,0.578,0.61,0.86,1.2,1.2,0.0,240.0,1.43,44.5,7.0,11.2,2.5,0.0,35.5,34.8,28.0,45.5,0.825,0.651,0.141,0.927,0.659,0.494,0.166,0.829,0.903,0.02,-0.0009,0.0115,3
391,9758924,2621,3452,0.699,0.309,0.72,1.33,0.0,0.0,0.0,240.0,1.51,44.0,9.3,10.8,17.2,0.0,33.5,32.8,29.5,67.5,0.785,0.644,0.134,0.998,0.664,0.491,0.195,0.825,0.791,0.0409,-0.0013,0.0116,3
392,9783363,2628,3398,0.65,0.597,0.571,1.0,1.66,0.49,0.04,238.8,1.44,38.7,8.4,10.5,5.4,0.0,30.1,28.9,25.0,50.6,0.785,0.642,0.133,1.021,0.665,0.511,0.22,0.835,0.653,0.1041,-0.0031,0.0118,3
393,9807513,2635,3301,0.651,0.497,0.621,1.09,0.96,0.86,0.0,240.0,1.41,37.8,8.0,10.0,5.5,0.0,30.0,29.0,25.3,51.0,0.797,0.643,0.119,1.054,0.671,0.524,0.194,0.827,0.772,0.088,-0.0025,0.0116,3
394,9831792,2643,3324,0.642,0.433,0.622,1.12,0.84,0.92,0.0,240.0,1.5,39.4,10.0,10.5,12.9,0.0,30.6,29.4,24.4,54.8,0.777,0.645,0.117,1.036,0.655,0.505,0.188,0.844,0.468,0.298,-0.0043,0.0095,3
395,9856944,2650,3511,,,,,,,,,,,,,,,,,,,0.783,0.654,0.096,1.097,0.631,0.509,0.133,0.824,0.948,0.0078,-0.0054,0.0095,3
396,9882096,2658,3329,,,,,,,,,,,,,,,,,,,0.773,0.651,0.104,1.011,0.64,0.515,0.122,0.832,0.944,0.0109,-0.0065,0.0098,3
397,9907248,2665,3451,,,,,,,,,,,,,,,,,,,0.768,0.639,0.105,1.008,0.662,0.517,0.137,0.827,0.953,0.01,-0.0064,0.0096,3
398,9932400,2672,3414,,,,,,,,,,,,,,,,,,,0.772,0.642,0.111,1.001,0.666,0.559,0.136,0.828,0.957,0.009,-0.0056,0.0097,3
399,9957552,2679,3512,,,,,,,,,,,,,,,,,,,0.742,0.641,0.093,1.021,0.663,0.551,0.131,0.819,0.953,0.0103,-0.0064,0.0088,3
400,9982704,2687,3458,,,,,,,,,,,,,,,,,,,0.736,0.634,0.096,0.979,0.675,0.542,0.126,0.83,0.957,0.0089,-0.0064,0.0093,3
401,10007856,2694,3470,,,,,,,,,,,,,,,,,,,0.748,0.64,0.102,0.971,0.668,0.536,0.109,0.817,0.96,0.008,-0.0072,0.0095,3
402,10033008,2702,3261,,,,,,,,,,,,,,,,,,,0.765,0.634,0.091,1.014,0.671,0.536,0.107,0.838,0.964,0.0076,-0.0057,0.0093,3
403,10058160,2709,3527,,,,,,,,,,,,,,,,,,,0.773,0.643,0.105,0.912,0.674,0.527,0.102,0.826,0.965,0.0069,-0.0064,0.0096,3
404,10083312,2716,3396,,,,,,,,,,,,,,,,,,,0.785,0.642,0.1,0.965,0.671,0.534,0.124,0.827,0.958,0.0079,-0.0043,0.01,3
405,10108423,2724,3334,0.758,0.0,0.642,2.0,0.0,0.0,0.0,240.0,1.62,68.0,6.5,11.0,1.0,0.0,46.0,43.0,29.0,47.0,0.794,0.645,0.104,0.937,0.676,0.533,0.115,0.832,0.859,0.0132,0.0017,0.0113,3
406,10133455,2731,3383,0.606,0.575,0.619,1.2,1.2,0.0,0.0,240.0,1.78,34.5,18.5,13.0,41.0,0.0,24.0,22.0,13.0,83.5,0.816,0.646,0.111,0.988,0.66,0.533,0.135,0.83,0.846,0.0169,-0.0021,0.0116,3
407,10158415,2739,3378,0.697,0.536,0.476,1.38,0.75,0.0,0.0,240.0,1.47,37.8,9.6,9.5,11.5,0.0,27.0,25.5,21.5,50.5,0.808,0.641,0.103,1.025,0.661,0.558,0.155,0.827,0.697,0.0318,-0.0021,0.0102,3
408,10183176,2746,3211,0.686,0.392,0.572,1.2,1.2,0.0,0.0,240.0,1.54,51.0,8.1,11.2,1.6,0.0,38.2,36.4,30.2,52.8,0.789,0.651,0.107,0.971,0.658,0.528,0.131,0.823,0.747,0.0378,0.0005,0.0147,3
409,10207850,2754,3284,0.561,0.473,0.64,0.0,0.75,1.8,0.0,240.0,1.34,25.2,9.9,8.8,8.5,0.0,21.8,20.5,14.8,45.2,0.782,0.649,0.114,0.933,0.647,0.512,0.141,0.821,0.975,0.0112,-0.0006,0.0112,3
410,10232813,2761,3311,0.665,0.433,0.738,0.6,1.2,1.5,0.14,239.4,1.44,39.6,8.3,9.0,6.7,0.0,30.4,28.7,20.1,56.6,0.748,0.648,0.118,0.916,0.651,0.501,0.141,0.829,0.883,0.0273,-0.0026,0.0103,3
411,10258145,2769,3299,0.672,0.467,0.611,1.52,0.56,0.52,0.07,239.5,1.39,35.1,8.4,9.3,4.8,0.0,28.0,26.8,21.2,48.9,0.772,0.655,0.121,0.922,0.643,0.49,0.146,0.824,0.612,0.1509,-0.0009,0.0141,3
412,10283968,2776,3526,0.674,0.639,0.587,0.89,2.18,0.0,0.0,240.0,1.49,38.9,9.6,10.8,11.1,0.0,29.1,28.1,22.9,61.1,0.787,0.654,0.12,0.917,0.628,0.477,0.134,0.822,0.826,0.071,-0.0009,0.0145,3
413,10309351,2784,3321,0.679,0.504,0.603,1.1,0.95,0.84,0.02,240.0,1.46,40.0,9.5,9.6,8.4,0.0,31.1,30.1,24.6,55.5,0.809,0.658,0.112,0.989,0.642,0.481,0.137,0.797,0.453,0.2699,-0.0037,0.0085,3
414,10334503,2792,3374,,,,,,,,,,,,,,,,,,,0.778,0.658,0.108,0.972,0.622,0.469,0.114,0.781,0.949,0.0079,-0.0071,0.0097,3
415,10359655,2799,3383,,,,,,,,,,,,,,,,,,,0.786,0.648,0.113,0.963,0.612,0.453,0.123,0.789,0.949,0.0096,-0.0058,0.0093,3
416,10384807,2806,3434,,,,,,,,,,,,,,,,,,,0.775,0.65,0.093,1.016,0.628,0.463,0.125,0.799,0.942,0.0107,-0.0052,0.0106,3
417,10409959,2814,3430,,,,,,,,,,,,,,,,,,,0.799,0.654,0.102,0.942,0.649,0.502,0.111,0.79,0.949,0.0084,-0.005,0.0104,3
418,10435111,2821,3443,,,,,,,,,,,,,,,,,,,0.772,0.638,0.105,0.935,0.653,0.475,0.11,0.795,0.941,0.0101,-0.006,0.0088,3
419,10460263,2829,3380,,,,,,,,,,,,,,,,,,,0.783,0.648,0.107,0.895,0.649,0.506,0.101,0.805,0.954,0.0078,-0.0058,0.0115,3
420,10485415,2836,3418,,,,,,,,,,,,,,,,,,,0.779,0.647,0.11,0.884,0.651,0.503,0.104,0.804,0.954,0.0081,-0.0053,0.0101,3
421,10510567,2843,3411,,,,,,,,,,,,,,,,,,,0.769,0.644,0.105,0.965,0.639,0.491,0.124,0.796,0.958,0.0068,-0.0072,0.0086,3
422,10535719,2851,3441,,,,,,,,,,,,,,,,,,,0.772,0.648,0.12,0.877,0.645,0.517,0.099,0.798,0.962,0.0066,-0.0062,0.0075,3
423,10560871,2858,3459,,,,,,,,,,,,,,,,,,,0.768,0.645,0.116,0.963,0.633,0.494,0.146,0.8,0.956,0.0078,-0.008,0.0089,3
424,10586080,2865,3407,0.605,0.476,0.392,3.0,0.0,0.0,0.0,240.0,1.15,16.0,6.5,3.0,1.0,0.0,16.0,15.0,8.0,42.0,0.791,0.652,0.104,1.021,0.634,0.491,0.131,0.786,0.899,0.0089,-0.004,0.0086,3
425,10611428,2873,3390,0.769,0.582,0.609,2.0,1.2,0.0,0.0,240.0,1.24,19.5,9.4,6.5,2.5,0.0,18.0,17.0,19.5,43.0,0.776,0.645,0.118,0.984,0.649,0.498,0.141,0.774,0.853,0.0135,-0.001,0.01,3
426,10636947,2880,3546,0.729,0.541,0.653,1.29,1.5,0.0,0.0,240.0,1.5,45.8,8.6,11.5,17.2,0.0,32.2,30.8,23.8,71.2,0.767,0.646,0.113,1.001,0.648,0.504,0.148,0.757,0.76,0.0252,0.0011,0.0144,3
427,10663016,2888,3498,0.668,0.478,0.608,0.43,2.25,0.86,0.0,240.0,1.47,31.5,11.5,12.2,21.0,0.0,25.3,24.2,16.0,67.2,0.745,0.651,0.127,0.979,0.644,0.51,0.153,0.76,0.914,0.0159,-0.0027,0.0093,3
428,10689251,2895,3576,0.596,0.461,0.605,0.6,3.0,1.0,0.0,240.0,1.33,39.0,6.2,7.0,3.3,0.0,32.7,32.0,28.0,58.7,0.735,0.645,0.131,0.989,0.635,0.476,0.179,0.774,0.933,0.0153,-0.0031,0.0106,3
429,10715302,2902,3646,0.678,0.422,0.674,1.0,0.46,1.3,0.08,238.9,1.48,47.8,7.2,9.2,8.4,0.0,36.4,35.3,28.8,55.8,0.71,0.641,0.133,1.009,0.639,0.472,0.204,0.796,0.767,0.0536,-0.0011,0.0147,3
430,10741111,2909,3611,0.661,0.511,0.565,1.33,0.64,0.38,0.0,240.0,1.49,43.8,8.7,11.5,4.3,0.0,33.2,31.7,26.8,51.8,0.742,0.652,0.129,1.033,0.644,0.508,0.18,0.782,0.598,0.1385,-0.0003,0.0115,3
431,10766664,2916,3543,0.648,0.528,0.615,0.84,1.27,1.03,0.05,239.3,1.38,39.3,7.3,8.7,3.9,0.0,31.5,30.4,27.9,51.9,0.744,0.647,0.131,1.02,0.623,0.484,0.19,0.778,0.8,0.0753,-0.0031,0.011,3
432,10792374,2924,3617,0.65,0.485,0.623,1.09,0.94,0.89,0.0,240.0,1.47,37.5,10.1,9.2,9.9,0.0,29.4,28.4,24.8,55.2,0.783,0.653,0.112,1.054,0.629,0.521,0.152,0.784,0.375,0.2149,-0.0036,0.0095,3
433,10818166,2931,3640,,,,,,,,,,,,,,,,,,,0.784,0.656,0.123,0.978,0.627,0.513,0.149,0.788,0.937,0.0079,-0.007,0.0098,3
434,10843958,2938,3583,,,,,,,,,,,,,,,,,,,0.791,0.656,0.12,1.003,0.629,0.512,0.142,0.801,0.949,0.0075,-0.0074,0.0085,3
435,10869750,2945,3615,,,,,,,,,,,,,,,,,,,0.772,0.652,0.111,1.023,0.637,0.517,0.162,0.795,0.942,0.0091,-0.0053,0.0104,3
436,10895542,2952,3572,,,,,,,,,,,,,,,,,,,0.786,0.652,0.108,0.986,0.639,0.521,0.128,0.794,0.957,0.0068,-0.006,0.0098,3
437,10921334,2960,3468,,,,,,,,,,,,,,,,,,,0.801,0.656,0.11,0.971,0.631,0.518,0.137,0.799,0.957,0.0071,-0.0077,0.0095,3
438,10947126,2967,3468,,,,,,,,,,,,,,,,,,,0.79,0.653,0.099,0.998,0.635,0.505,0.128,0.789,0.957,0.0073,-0.0066,0.0097,3
439,10972918,2975,3438,,,,,,,,,,,,,,,,,,,0.805,0.654,0.105,0.976,0.638,0.512,0.121,0.786,0.962,0.0066,-0.0059,0.0092,3
440,10998710,2982,3522,,,,,,,,,,,,,,,,,,,0.779,0.648,0.115,0.967,0.63,0.494,0.125,0.793,0.951,0.0082,-0.006,0.0094,3
441,11024502,2989,3487,,,,,,,,,,,,,,,,,,,0.78,0.65,0.112,0.947,0.652,0.517,0.123,0.782,0.966,0.006,-0.0065,0.0093,3
442,11050312,2997,3341,0.585,0.0,0.432,2.0,0.0,0.0,0.0,240.0,1.4,55.0,5.2,8.0,0.0,0.0,43.0,42.0,41.0,39.0,0.737,0.645,0.116,0.932,0.658,0.498,0.126,0.776,0.825,0.0147,-0.0008,0.0094,3
443,11076232,3005,3510,,,,,,,,,,,,,,,,,,,0.749,0.645,0.118,0.909,0.66,0.512,0.131,0.777,0.963,0.0072,-0.006,0.0079,3
444,11102329,3012,3549,0.724,0.53,0.682,1.33,0.86,0.0,0.0,240.0,1.43,33.7,9.2,8.3,19.7,0.0,26.0,25.3,16.0,71.0,0.768,0.655,0.13,0.929,0.651,0.507,0.139,0.776,0.84,0.016,0.002,0.0086,3
445,11128038,3019,3622,0.652,0.247,0.627,1.09,0.0,1.0,0.0,240.0,1.62,55.6,7.6,13.6,0.6,0.0,40.8,40.0,34.4,52.4,0.76,0.664,0.11,0.999,0.615,0.49,0.147,0.784,0.734,0.0332,-0.0029,0.0101,3
446,11153364,3026,3588,0.664,0.22,0.627,1.2,0.0,0.86,0.0,240.0,1.65,56.2,9.0,17.8,4.8,0.0,39.4,38.2,31.2,55.8,0.745,0.668,0.127,0.938,0.594,0.466,0.133,0.786,0.801,0.0308,0.0004,0.0142,3
447,11178635,3033,3621,0.723,0.879,0.591,0.6,3.0,0.0,0.0,240.0,1.63,30.7,14.2,11.7,6.3,0.0,23.0,21.7,22.0,56.0,0.707,0.666,0.123,0.94,0.581,0.45,0.159,0.789,0.931,0.0157,-0.0013,0.01,3
448,11203746,3040,3440,0.659,0.542,0.647,0.73,1.09,1.38,0.11,237.9,1.39,39.2,7.1,8.0,4.4,0.0,30.5,29.7,26.8,49.2,0.726,0.666,0.123,1.0,0.578,0.445,0.157,0.794,0.814,0.0507,-0.0026,0.0114,3
449,11228443,3048,3302,0.646,0.49,0.594,0.83,1.2,1.2,0.0,240.0,1.47,42.9,8.6,9.3,10.5,0.0,33.0,31.7,26.3,55.3,0.77,0.669,0.122,1.023,0.583,0.461,0.174,0.807,0.819,0.0638,-0.0009,0.0167,3
450,11253437,3055,3441,0.646,0.465,0.643,1.16,0.83,0.86,0.0,240.0,1.46,41.9,8.1,9.1,11.4,0.0,32.1,30.9,27.2,60.3,0.765,0.671,0.126,1.013,0.578,0.461,0.172,0.789,0.809,0.0744,-0.0015,0.0127,3
451,11278803,3063,3243,0.669,0.403,0.602,1.34,0.58,0.69,0.0,240.0,1.48,42.7,8.7,10.8,5.2,0.0,32.6,31.3,26.2,50.9,0.816,0.67,0.112,1.022,0.588,0.477,0.136,0.775,0.182,0.1868,-0.005,0.0083,3
452,11304147,3071,3294,,,,,,,,,,,,,,,,,,,0.828,0.672,0.123,0.973,0.576,0.477,0.135,0.783,0.938,0.0091,-0.0061,0.0093,3
453,11329491,3079,3157,,,,,,,,,,,,,,,,,,,0.811,0.67,0.114,1.002,0.578,0.464,0.146,0.796,0.951,0.008,-0.0053,0.0088,3
454,11354835,3087,3271,,,,,,,,,,,,,,,,,,,0.816,0.67,0.104,0.996,0.576,0.481,0.121,0.79,0.963,0.0068,-0.0068,0.0097,3
455,11380179,3094,3250,,,,,,,,,,,,,,,,,,,0.806,0.663,0.11,0.966,0.571,0.464,0.122,0.792,0.956,0.0086,-0.0054,0.0098,3
456,11405523,3102,3261,,,,,,,,,,,,,,,,,,,0.813,0.668,0.095,0.999,0.578,0.476,0.108,0.782,0.96,0.0073,-0.006,0.0087,3
457,11430867,3110,3091,,,,,,,,,,,,,,,,,,,0.827,0.669,0.113,0.951,0.561,0.47,0.119,0.799,0.969,0.0064,-0.0055,0.0097,3
458,11456211,3118,3236,,,,,,,,,,,,,,,,,,,0.855,0.671,0.108,0.941,0.568,0.488,0.105,0.805,0.968,0.0063,-0.0053,0.0086,3
459,11481555,3126,3395,,,,,,,,,,,,,,,,,,,0.823,0.672,0.117,0.903,0.564,0.485,0.114,0.8,0.96,0.0076,-0.0064,0.0095,3
460,11506899,3133,3307,,,,,,,,,,,,,,,,,,,0.81,0.667,0.105,0.988,0.56,0.487,0.114,0.812,0.963,0.0066,-0.0055,0.0092,3
461,11532218,3141,3299,0.685,0.814,0.426,0.75,2.0,0.0,0.5,204.6,1.54,31.5,12.3,11.0,4.0,0.0,25.0,24.5,17.0,47.0,0.818,0.664,0.105,1.008,0.557,0.47,0.119,0.802,0.837,0.0147,0.001,0.0092,3
462,11557552,3149,3299,0.74,0.245,0.722,1.33,0.0,0.0,0.0,240.0,1.44,57.5,6.1,8.5,2.5,0.0,46.5,44.5,51.0,65.5,0.806,0.666,0.114,1.017,0.557,0.467,0.127,0.819,0.748,0.0231,-0.001,0.0097,3
463,11582862,3157,3253,0.743,0.0,0.644,2.4,0.0,0.0,0.0,240.0,1.62,62.0,7.1,18.0,1.5,0.0,46.0,44.5,37.5,52.0,0.813,0.668,0.121,1.04,0.555,0.484,0.155,0.813,0.807,0.022,-0.001,0.0107,3
464,11608410,3164,3257,0.709,0.445,0.621,0.71,3.0,0.46,0.0,240.0,1.41,44.8,6.9,9.0,1.8,0.0,34.8,33.5,29.3,55.0,0.801,0.671,0.121,1.081,0.56,0.499,0.166,0.807,0.847,0.023,-0.0026,0.0101,3
465,11633838,3172,3367,0.64,0.549,0.556,1.5,1.2,0.0,0.0,240.0,1.3,27.2,7.3,7.5,1.8,0.0,22.2,21.5,23.5,43.2,0.796,0.669,0.111,1.116,0.553,0.475,0.184,0.806,0.868,0.0228,-0.0014,0.0104,3
466,11659295,3179,3407,0.702,0.44,0.595,1.5,0.71,0.67,0.0,240.0,1.36,30.7,15.2,4.4,8.0,0.0,25.7,24.9,25.9,47.9,0.738,0.67,0.125,1.085,0.551,0.475,0.206,0.812,0.827,0.0362,-0.0002,0.0111,3
467,11685158,3187,3367,0.66,0.442,0.578,1.09,1.03,0.81,0.0,240.0,1.43,42.2,8.3,8.6,10.0,0.0,33.1,32.1,30.2,56.2,0.762,0.67,0.126,1.056,0.549,0.451,0.176,0.795,0.702,0.0959,-0.002,0.0136,3
468,11710860,3195,3431,0.656,0.583,0.644,1.27,0.77,0.62,0.05,239.0,1.44,39.3,8.6,9.3,5.0,0.0,29.8,28.7,26.5,49.7,0.759,0.67,0.117,1.068,0.564,0.47,0.173,0.807,0.747,0.1001,-0.0037,0.0106,3
469,11735832,3202,3549,0.662,0.573,0.611,1.07,1.12,0.68,0.0,240.0,1.43,40.0,8.1,8.9,4.9,0.0,30.7,29.5,28.3,51.2,0.781,0.669,0.127,1.001,0.584,0.477,0.155,0.805,0.498,0.2774,-0.0023,0.0092,3
470,11760152,3209,3424,,,,,,,,,,,,,,,,,,,0.822,0.67,0.108,1.05,0.567,0.481,0.141,0.801,0.953,0.0069,-0.0083,0.0091,3
471,11784472,3216,3341,,,,,,,,,,,,,,,,,,,0.84,0.668,0.106,1.023,0.551,0.476,0.12,0.812,0.953,0.0081,-0.0072,0.0101,3
472,11808792,3223,3411,,,,,,,,,,,,,,,,,,,0.81,0.665,0.113,0.955,0.567,0.496,0.129,0.809,0.956,0.0083,-0.0062,0.0094,3
473,11833112,3231,3356,,,,,,,,,,,,,,,,,,,0.821,0.657,0.097,0.999,0.57,0.526,0.113,0.807,0.959,0.008,-0.0049,0.01,3
474,11857432,3238,3306,,,,,,,,,,,,,,,,,,,0.831,0.657,0.102,0.94,0.597,0.519,0.105,0.819,0.958,0.008,-0.007,0.0105,3
475,11881752,3245,3447,,,,,,,,,,,,,,,,,,,0.838,0.654,0.1,0.95,0.593,0.526,0.109,0.812,0.957,0.0084,-0.0073,0.0084,3
476,11906072,3252,3377,,,,,,,,,,,,,,,,,,,0.854,0.655,0.108,0.91,0.59,0.525,0.112,0.811,0.965,0.0069,-0.0064,0.0083,3
477,11930392,3260,3255,,,,,,,,,,,,,,,,,,,0.832,0.653,0.099,0.949,0.601,0.537,0.103,0.805,0.968,0.0065,-0.0059,0.0091,3
478,11954712,3267,3178,,,,,,,,,,,,,,,,,,,0.795,0.655,0.095,0.931,0.6,0.536,0.102,0.809,0.963,0.0073,-0.0066,0.009,3
479,11979032,3275,3275,,,,,,,,,,,,,,,,,,,0.806,0.653,0.101,0.889,0.606,0.532,0.104,0.794,0.963,0.0068,-0.0062,0.0088,3
480,12003263,3282,3343,0.736,0.706,0.561,0.0,4.0,0.0,0.0,240.0,1.38,41.5,6.6,9.0,0.0,0.0,32.5,31.5,35.0,51.0,0.804,0.657,0.101,0.908,0.593,0.521,0.111,0.787,0.954,0.0087,-0.0061,0.0079,3
481,12027244,3290,3235,0.7,0.62,0.666,1.5,0.0,0.0,0.0,240.0,1.76,56.0,9.8,21.5,1.5,0.0,37.0,35.5,26.0,52.0,0.823,0.653,0.101,0.938,0.613,0.536,0.114,0.78,0.769,0.0228,-0.0009,0.0106,3
482,12051100,3297,3110,0.644,0.462,0.541,1.29,0.0,1.2,0.0,240.0,1.56,47.2,9.0,10.2,32.8,0.0,35.0,34.0,32.0,79.2,0.826,0.658,0.109,0.906,0.604,0.548,0.107,0.794,0.718,0.0317,-0.001,0.011,3
483,12074877,3305,3152,0.625,0.631,0.575,0.86,1.5,0.75,0.0,240.0,1.35,31.6,7.8,9.0,0.2,0.0,25.6,24.8,26.8,46.0,0.798,0.664,0.097,0.972,0.597,0.514,0.122,0.792,0.852,0.0227,-0.0021,0.0098,3
484,12098867,3312,3221,0.724,0.48,0.639,1.0,0.75,1.5,0.0,240.0,1.57,39.0,11.1,14.0,2.0,0.0,28.2,27.0,25.5,44.5,0.807,0.67,0.11,0.909,0.555,0.486,0.106,0.776,0.878,0.0241,-0.0025,0.0081,3
485,12122789,3320,3254,0.626,0.545,0.566,1.0,1.5,0.0,0.09,238.5,1.35,28.5,9.5,6.6,13.1,0.0,23.4,22.4,22.4,55.5,0.748,0.669,0.117,0.849,0.543,0.47,0.11,0.795,0.784,0.0521,-0.003,0.012,3
486,12146504,3327,3323,0.675,0.476,0.619,1.14,1.0,0.78,0.0,240.0,1.44,39.5,8.7,9.9,6.7,0.0,30.8,29.4,26.8,55.1,0.751,0.667,0.12,0.871,0.57,0.483,0.108,0.81,0.689,0.1163,-0.0027,0.0107,3
487,12170220,3334,3298,0.687,0.554,0.631,1.2,0.94,0.69,0.0,240.0,1.48,36.8,10.6,9.9,13.6,0.0,27.7,26.4,21.4,62.3,0.761,0.664,0.127,0.863,0.582,0.497,0.134,0.806,0.794,0.0878,-0.0008,0.0106,3
488,12194053,3341,3224,0.674,0.475,0.646,1.13,0.43,1.41,0.0,240.0,1.52,39.3,11.8,9.9,11.8,0.0,29.9,28.5,24.8,57.0,0.79,0.668,0.108,0.934,0.592,0.508,0.112,0.808,0.453,0.2583,-0.0039,0.0081,3
489,12217157,3349,3184,,,,,,,,,,,,,,,,,,,0.844,0.666,0.119,0.801,0.605,0.521,0.103,0.807,0.944,0.0086,-0.008,0.0092,3
490,12240261,3356,3134,,,,,,,,,,,,,,,,,,,0.804,0.665,0.119,0.851,0.575,0.514,0.112,0.81,0.928,0.0133,-0.0071,0.0097,3
491,12263365,3364,3063,,,,,,,,,,,,,,,,,,,0.818,0.658,0.111,0.888,0.603,0.522,0.105,0.796,0.95,0.0091,-0.0067,0.0088,3
492,12286469,3371,3114,,,,,,,,,,,,,,,,,,,0.801,0.654,0.108,0.91,0.595,0.54,0.108,0.792,0.953,0.0084,-0.006,0.0082,3
493,12309573,3379,3065,,,,,,,,,,,,,,,,,,,0.807,0.654,0.116,0.846,0.616,0.55,0.103,0.797,0.954,0.008,-0.0062,0.0093,3
494,12332677,3386,3279,,,,,,,,,,,,,,,,,,,0.805,0.648,0.098,0.946,0.605,0.549,0.119,0.814,0.955,0.0079,-0.007,0.0087,3
495,12355781,3393,3151,,,,,,,,,,,,,,,,,,,0.816,0.648,0.109,0.882,0.607,0.554,0.094,0.816,0.952,0.0074,-0.008,0.0107,3
496,12378885,3403,2331,,,,,,,,,,,,,,,,,,,0.792,0.645,0.103,0.957,0.617,0.55,0.111,0.813,0.957,0.0066,-0.0064,0.0085,3
497,12401989,3413,2358,,,,,,,,,,,,,,,,,,,0.787,0.644,0.112,0.943,0.618,0.562,0.123,0.82,0.956,0.0068,-0.0066,0.008,3
498,12425093,3423,2231,,,,,,,,,,,,,,,,,,,0.805,0.637,0.111,0.94,0.646,0.57,0.117,0.821,0.952,0.0066,-0.0061,0.0091,3
499,12448407,3433,2268,0.719,0.664,0.562,3.0,0.0,0.0,0.0,240.0,1.84,43.5,12.6,18.5,3.5,0.0,25.5,23.0,17.5,43.5,0.786,0.644,0.127,0.869,0.654,0.564,0.118,0.817,0.768,0.0157,0.0003,0.0098,3
500,12472004,3441,3176,0.75,0.25,0.572,2.4,0.0,0.0,0.0,240.0,1.46,49.5,6.5,11.5,3.0,0.0,38.5,38.0,39.5,52.5,0.78,0.648,0.121,0.936,0.628,0.543,0.133,0.817,0.783,0.0188,-0.0016,0.008,3
501,12495559,3448,3240,0.726,0.386,0.514,2.0,0.0,0.0,0.0,240.0,1.51,43.0,8.3,15.8,0.5,0.0,31.5,30.8,30.2,42.2,0.75,0.652,0.132,0.925,0.618,0.538,0.136,0.802,0.717,0.0355,-0.0033,0.0114,3
